Plate_ID,Well_ID,Luminescence
mock_plate_1,A1,386.8486948146208
mock_plate_1,A2,4425.78596142463
mock_plate_1,A3,1843.617014727085
mock_plate_1,A4,2786.521948350038
mock_plate_1,A5,1938.216981923595
mock_plate_1,A6,956.0461433532024
mock_plate_1,A7,2587.987554743274
mock_plate_1,A8,3422.807291438208
mock_plate_1,A9,270.3239812833923
mock_plate_1,A10,1803.738888881275
mock_plate_1,A11,3139.514614283552
mock_plate_1,A12,1967.344462327254
mock_plate_1,A13,388.6392610366283
mock_plate_1,A14,249.2950953307386
mock_plate_1,A15,2795.992947118647
mock_plate_1,A16,2465.700327338716
mock_plate_1,A17,4941.109080260741
mock_plate_1,A18,3347.364900475996
mock_plate_1,A19,2870.903377734667
mock_plate_1,A20,2226.806891533166
mock_plate_1,A21,654.3037709125294
mock_plate_1,A22,3008.423526574656
mock_plate_1,A23,3516.50064732693
mock_plate_1,A24,3907.957736814806
mock_plate_1,B1,4791.498099977493
mock_plate_1,B2,127.2444653259197
mock_plate_1,B3,4414.627469418523
mock_plate_1,B4,1494.720507350147
mock_plate_1,B5,2971.995957919119
mock_plate_1,B6,4281.240645551742
mock_plate_1,B7,1645.293529229377
mock_plate_1,B8,413.4346100094146
mock_plate_1,B9,3922.443879963096
mock_plate_1,B10,284.3157427953598
mock_plate_1,B11,1128.0664996283
mock_plate_1,B12,1314.969576591763
mock_plate_1,B13,1933.364225697011
mock_plate_1,B14,4761.199272071375
mock_plate_1,B15,4141.943089951759
mock_plate_1,B16,3973.860268049898
mock_plate_1,B17,2912.962383782929
mock_plate_1,B18,950.9505045087119
mock_plate_1,B19,3030.956841602026
mock_plate_1,B20,1876.680588700436
mock_plate_1,B21,2148.719876441285
mock_plate_1,B22,469.9117129949921
mock_plate_1,B23,1447.714644788795
mock_plate_1,B24,4390.862291314729
mock_plate_1,C1,2644.34495496108
mock_plate_1,C2,1052.977714999616
mock_plate_1,C3,4703.287160855429
mock_plate_1,C4,4345.168352664129
mock_plate_1,C5,3206.424643455952
mock_plate_1,C6,988.6808308779741
mock_plate_1,C7,612.7823832558181
mock_plate_1,C8,2032.126839542439
mock_plate_1,C9,2246.795462283832
mock_plate_1,C10,4456.464565013634
mock_plate_1,C11,2539.88330733675
mock_plate_1,C12,4727.107336961536
mock_plate_1,C13,3112.839520529133
mock_plate_1,C14,670.8890236068761
mock_plate_1,C15,1828.234338770949
mock_plate_1,C16,2077.249521583948
mock_plate_1,C17,4501.78679029573
mock_plate_1,C18,4054.112959457585
mock_plate_1,C19,3130.786847165226
mock_plate_1,C20,3962.97458720605
mock_plate_1,C21,4558.638543019567
mock_plate_1,C22,4403.084497149725
mock_plate_1,C23,604.5202830784933
mock_plate_1,C24,1062.246940149385
mock_plate_1,D1,4572.298530890829
mock_plate_1,D2,2426.590308569481
mock_plate_1,D3,1787.196477983899
mock_plate_1,D4,4429.026170738814
mock_plate_1,D5,2372.661331964265
mock_plate_1,D6,3824.48083176934
mock_plate_1,D7,906.2406064959407
mock_plate_1,D8,1194.212871176097
mock_plate_1,D9,771.8632867950352
mock_plate_1,D10,835.223055022196
mock_plate_1,D11,3748.722723834662
mock_plate_1,D12,2618.555193069764
mock_plate_1,D13,1671.519840526165
mock_plate_1,D14,859.9953243854515
mock_plate_1,D15,1863.111242507325
mock_plate_1,D16,3150.077758236211
mock_plate_1,D17,2476.824953854412
mock_plate_1,D18,4835.116478246525
mock_plate_1,D19,3211.424387019757
mock_plate_1,D20,2935.189948110953
mock_plate_1,D21,2084.295704402557
mock_plate_1,D22,736.3859747864955
mock_plate_1,D23,3551.839970773275
mock_plate_1,D24,4555.949525466181
mock_plate_1,E1,4827.733037157884
mock_plate_1,E2,4170.856694271188
mock_plate_1,E3,2967.51188005471
mock_plate_1,E4,2740.244708941658
mock_plate_1,E5,4692.90881141173
mock_plate_1,E6,527.6175140417186
mock_plate_1,E7,1279.578401786851
mock_plate_1,E8,3566.989934783172
mock_plate_1,E9,2481.838010736092
mock_plate_1,E10,3996.807288563663
mock_plate_1,E11,646.701377453666
mock_plate_1,E12,3494.809971855041
mock_plate_1,E13,3696.460157864394
mock_plate_1,E14,4636.793642369424
mock_plate_1,E15,1036.725537437987
mock_plate_1,E16,424.9797284472511
mock_plate_1,E17,472.356534712552
mock_plate_1,E18,3200.181154896171
mock_plate_1,E19,3887.482977347586
mock_plate_1,E20,4415.220930382211
mock_plate_1,E21,3045.938120723596
mock_plate_1,E22,3882.65627322444
mock_plate_1,E23,1493.16478775383
mock_plate_1,E24,2625.429699491679
mock_plate_1,F1,520.5707047065569
mock_plate_1,F2,2843.339630111373
mock_plate_1,F3,3160.817588185122
mock_plate_1,F4,4455.612395869789
mock_plate_1,F5,4597.39352299014
mock_plate_1,F6,189.9977194650024
mock_plate_1,F7,1277.515207470755
mock_plate_1,F8,3053.91891006005
mock_plate_1,F9,2119.637670204404
mock_plate_1,F10,3644.703557861696
mock_plate_1,F11,2517.521474317755
mock_plate_1,F12,527.5341021989941
mock_plate_1,F13,1351.954047974281
mock_plate_1,F14,616.6571523160454
mock_plate_1,F15,4017.669769132998
mock_plate_1,F16,3373.174764173008
mock_plate_1,F17,3613.293761358344
mock_plate_1,F18,246.0294505154767
mock_plate_1,F19,795.6620214243713
mock_plate_1,F20,3237.504912704852
mock_plate_1,F21,2939.901328121795
mock_plate_1,F22,3092.387112605355
mock_plate_1,F23,3825.991232978982
mock_plate_1,F24,3438.642352815786
mock_plate_1,G1,1583.112588990312
mock_plate_1,G2,290.2127903475662
mock_plate_1,G3,3786.685244577038
mock_plate_1,G4,3852.3731206827
mock_plate_1,G5,1140.639067627132
mock_plate_1,G6,1572.897464450875
mock_plate_1,G7,4132.733275125526
mock_plate_1,G8,3288.464542851455
mock_plate_1,G9,1693.963206324687
mock_plate_1,G10,2493.164265055393
mock_plate_1,G11,2958.153060521599
mock_plate_1,G12,2798.621586672052
mock_plate_1,G13,2920.780814805558
mock_plate_1,G14,1192.411133405055
mock_plate_1,G15,4039.897840456621
mock_plate_1,G16,3482.737455821202
mock_plate_1,G17,4743.020509466917
mock_plate_1,G18,2182.786534990052
mock_plate_1,G19,4005.348199249789
mock_plate_1,G20,1064.834024927779
mock_plate_1,G21,2894.617688444073
mock_plate_1,G22,2908.867048784174
mock_plate_1,G23,863.1895283214029
mock_plate_1,G24,4091.980117360671
mock_plate_1,H1,3622.174444227474
mock_plate_1,H2,672.5206043878949
mock_plate_1,H3,1374.362925830464
mock_plate_1,H4,3442.665810386707
mock_plate_1,H5,4644.180303559974
mock_plate_1,H6,938.7051073867552
mock_plate_1,H7,502.2985395735355
mock_plate_1,H8,4657.737402679391
mock_plate_1,H9,1326.609050946971
mock_plate_1,H10,2692.562485956731
mock_plate_1,H11,1100.306435877432
mock_plate_1,H12,4261.186309891929
mock_plate_1,H13,2945.740570487373
mock_plate_1,H14,912.0763002445681
mock_plate_1,H15,4387.875590979319
mock_plate_1,H16,4867.198121334914
mock_plate_1,H17,4786.634401557151
mock_plate_1,H18,2845.080006814653
mock_plate_1,H19,2510.799390923287
mock_plate_1,H20,230.4303857067862
mock_plate_1,H21,3872.737207943057
mock_plate_1,H22,1998.180503768693
mock_plate_1,H23,477.3203064964903
mock_plate_1,H24,2722.136100018667
mock_plate_1,I1,4262.10459623682
mock_plate_1,I2,179.214341853288
mock_plate_1,I3,3489.356766538863
mock_plate_1,I4,4057.518331915413
mock_plate_1,I5,1882.808277322549
mock_plate_1,I6,2619.753898894201
mock_plate_1,I7,1019.665911882237
mock_plate_1,I8,2307.008389617282
mock_plate_1,I9,2778.632776042394
mock_plate_1,I10,4416.688999954284
mock_plate_1,I11,4552.583205412461
mock_plate_1,I12,475.1557152290426
mock_plate_1,I13,2270.931468008152
mock_plate_1,I14,1222.177961483628
mock_plate_1,I15,1394.881845558597
mock_plate_1,I16,2737.875294707733
mock_plate_1,I17,4017.988981264956
mock_plate_1,I18,543.2190916974396
mock_plate_1,I19,4398.287577732348
mock_plate_1,I20,1334.066673599829
mock_plate_1,I21,4177.115537418123
mock_plate_1,I22,4364.798513966964
mock_plate_1,I23,113.4866969018098
mock_plate_1,I24,3282.642629876381
mock_plate_1,J1,4075.875660693673
mock_plate_1,J2,4709.966104798065
mock_plate_1,J3,2261.96363772329
mock_plate_1,J4,3689.64684507662
mock_plate_1,J5,3207.006235897373
mock_plate_1,J6,4003.512556851764
mock_plate_1,J7,1421.501403465412
mock_plate_1,J8,2810.097847093557
mock_plate_1,J9,1412.05051004313
mock_plate_1,J10,4677.918371050839
mock_plate_1,J11,2375.909735039436
mock_plate_1,J12,3527.893804337775
mock_plate_1,J13,703.6696522103067
mock_plate_1,J14,4783.901675565021
mock_plate_1,J15,3104.691639084987
mock_plate_1,J16,922.3883869674086
mock_plate_1,J17,678.0850306103132
mock_plate_1,J18,594.6536784839554
mock_plate_1,J19,4177.469727203899
mock_plate_1,J20,990.8533268928992
mock_plate_1,J21,2603.662243709546
mock_plate_1,J22,3571.002949132268
mock_plate_1,J23,4266.087667659177
mock_plate_1,J24,172.7379694105973
mock_plate_1,K1,3608.750738842891
mock_plate_1,K2,3154.933498122834
mock_plate_1,K3,2620.899063600289
mock_plate_1,K4,2737.027159828804
mock_plate_1,K5,4155.072121874495
mock_plate_1,K6,985.9467313552235
mock_plate_1,K7,2733.93417185525
mock_plate_1,K8,722.3512297391272
mock_plate_1,K9,227.4903989811777
mock_plate_1,K10,2581.168608785326
mock_plate_1,K11,1173.543926207927
mock_plate_1,K12,2895.857442885976
mock_plate_1,K13,1562.925522776405
mock_plate_1,K14,1628.297934659872
mock_plate_1,K15,1314.457574468136
mock_plate_1,K16,3015.473828040194
mock_plate_1,K17,2446.942044184628
mock_plate_1,K18,2923.559060646367
mock_plate_1,K19,3021.34658770892
mock_plate_1,K20,2877.849222120266
mock_plate_1,K21,4113.613867723832
mock_plate_1,K22,1219.414606132571
mock_plate_1,K23,4955.985080936709
mock_plate_1,K24,4619.040385411407
mock_plate_1,L1,349.9527020158523
mock_plate_1,L2,4213.238411760546
mock_plate_1,L3,812.4007351894702
mock_plate_1,L4,1644.789293187029
mock_plate_1,L5,1516.430680654653
mock_plate_1,L6,3335.743951568753
mock_plate_1,L7,410.4745454806413
mock_plate_1,L8,1471.115156913354
mock_plate_1,L9,1468.017572047432
mock_plate_1,L10,3266.441327333066
mock_plate_1,L11,1866.103499095462
mock_plate_1,L12,718.5056952247636
mock_plate_1,L13,3829.232022003195
mock_plate_1,L14,3130.122553949873
mock_plate_1,L15,4534.31272999784
mock_plate_1,L16,3978.09559584278
mock_plate_1,L17,4059.329497002728
mock_plate_1,L18,4656.170304007736
mock_plate_1,L19,2809.482368994539
mock_plate_1,L20,1833.331825607169
mock_plate_1,L21,1097.256830003031
mock_plate_1,L22,252.9143225523144
mock_plate_1,L23,3737.230956997164
mock_plate_1,L24,423.7453671094157
mock_plate_1,M1,355.8419357100617
mock_plate_1,M2,4326.087664724597
mock_plate_1,M3,1166.771276854552
mock_plate_1,M4,4608.16191456091
mock_plate_1,M5,841.2935864132972
mock_plate_1,M6,4715.584948272956
mock_plate_1,M7,3959.296436189864
mock_plate_1,M8,2247.940577089958
mock_plate_1,M9,2782.919738016854
mock_plate_1,M10,481.8151785272585
mock_plate_1,M11,966.460005803917
mock_plate_1,M12,1616.044903302761
mock_plate_1,M13,144.3403543127404
mock_plate_1,M14,3136.888061969523
mock_plate_1,M15,2172.401039495041
mock_plate_1,M16,1072.748983341386
mock_plate_1,M17,734.3401682146848
mock_plate_1,M18,2527.509768344396
mock_plate_1,M19,1902.85876322859
mock_plate_1,M20,627.1905338729775
mock_plate_1,M21,3919.993655637769
mock_plate_1,M22,1203.435944633617
mock_plate_1,M23,2612.639714087891
mock_plate_1,M24,427.3264439509781
mock_plate_1,N1,2168.139219301981
mock_plate_1,N2,1878.180005319762
mock_plate_1,N3,1983.107103888404
mock_plate_1,N4,1382.646670271747
mock_plate_1,N5,242.0491849484751
mock_plate_1,N6,3427.74431073478
mock_plate_1,N7,4897.871298704607
mock_plate_1,N8,1125.286961873574
mock_plate_1,N9,1479.51318077243
mock_plate_1,N10,3029.831595945944
mock_plate_1,N11,4150.199356927145
mock_plate_1,N12,4965.270863524596
mock_plate_1,N13,1833.654250283207
mock_plate_1,N14,2301.342573904566
mock_plate_1,N15,2470.98729572578
mock_plate_1,N16,684.2916269947874
mock_plate_1,N17,2888.24736626615
mock_plate_1,N18,3730.886049230058
mock_plate_1,N19,4002.736015717453
mock_plate_1,N20,1138.405037515351
mock_plate_1,N21,3540.673318577587
mock_plate_1,N22,1897.543231982444
mock_plate_1,N23,1589.722869061285
mock_plate_1,N24,4759.458014795065
mock_plate_1,O1,2333.362311727055
mock_plate_1,O2,825.9149922216241
mock_plate_1,O3,2744.215099304686
mock_plate_1,O4,2236.457647194922
mock_plate_1,O5,3620.316699862603
mock_plate_1,O6,1204.324164028663
mock_plate_1,O7,440.531312818312
mock_plate_1,O8,1505.478419168687
mock_plate_1,O9,1160.061623367805
mock_plate_1,O10,1633.43722538738
mock_plate_1,O11,1427.230200461369
mock_plate_1,O12,700.128172304022
mock_plate_1,O13,3004.118655789224
mock_plate_1,O14,1621.578088121494
mock_plate_1,O15,3308.401814161948
mock_plate_1,O16,4078.327162696901
mock_plate_1,O17,2568.228884473916
mock_plate_1,O18,255.7097222570521
mock_plate_1,O19,2033.481514392539
mock_plate_1,O20,2877.405881251246
mock_plate_1,O21,4671.161312902864
mock_plate_1,O22,383.5914466357816
mock_plate_1,O23,780.4769602727075
mock_plate_1,O24,4973.935304741808
mock_plate_1,P1,2362.249526669946
mock_plate_1,P2,2802.957159667655
mock_plate_1,P3,4263.4146734539
mock_plate_1,P4,747.9507791893724
mock_plate_1,P5,1334.411506884993
mock_plate_1,P6,2039.090977429673
mock_plate_1,P7,2151.067872743285
mock_plate_1,P8,1499.245922956397
mock_plate_1,P9,3556.618346106286
mock_plate_1,P10,1542.266437058828
mock_plate_1,P11,1585.78119986655
mock_plate_1,P12,3507.299576177985
mock_plate_1,P13,4432.030996978883
mock_plate_1,P14,3738.96486427792
mock_plate_1,P15,4520.807553576106
mock_plate_1,P16,1239.343841319586
mock_plate_1,P17,3984.78366849551
mock_plate_1,P18,2013.928300717017
mock_plate_1,P19,2773.451740156001
mock_plate_1,P20,2702.549389374693
mock_plate_1,P21,763.6341663540775
mock_plate_1,P22,3289.100426149274
mock_plate_1,P23,3635.722200273756
mock_plate_1,P24,2072.557322079884
mock_plate_2,A1,3809.70430298752
mock_plate_2,A2,1180.980222947933
mock_plate_2,A3,2522.880470135142
mock_plate_2,A4,4772.860648232983
mock_plate_2,A5,4144.555799905644
mock_plate_2,A6,828.9884748001658
mock_plate_2,A7,4191.811150225629
mock_plate_2,A8,4718.33260588258
mock_plate_2,A9,4171.31070141027
mock_plate_2,A10,2627.838979594323
mock_plate_2,A11,288.759627108054
mock_plate_2,A12,4916.919527624906
mock_plate_2,A13,3372.500308701881
mock_plate_2,A14,976.4614648984741
mock_plate_2,A15,4124.537047256698
mock_plate_2,A16,4221.345302558445
mock_plate_2,A17,4225.986074398144
mock_plate_2,A18,1253.443430419859
mock_plate_2,A19,2295.238699191932
mock_plate_2,A20,1847.214106193637
mock_plate_2,A21,2629.997371266829
mock_plate_2,A22,284.3753484861661
mock_plate_2,A23,3996.196170742142
mock_plate_2,A24,1922.75546142861
mock_plate_2,B1,3823.809499788557
mock_plate_2,B2,3185.152787291818
mock_plate_2,B3,1188.384224116836
mock_plate_2,B4,4241.228011566474
mock_plate_2,B5,3376.424934487306
mock_plate_2,B6,2806.16389362627
mock_plate_2,B7,1614.808837493228
mock_plate_2,B8,1578.471730406776
mock_plate_2,B9,2548.066706324992
mock_plate_2,B10,4213.285322219323
mock_plate_2,B11,3764.141049489881
mock_plate_2,B12,2006.075979448665
mock_plate_2,B13,238.4324982665174
mock_plate_2,B14,3338.403635326828
mock_plate_2,B15,3316.41828982488
mock_plate_2,B16,3990.794513637125
mock_plate_2,B17,2363.846191068339
mock_plate_2,B18,4044.827985707501
mock_plate_2,B19,3066.713373179256
mock_plate_2,B20,3938.799615097845
mock_plate_2,B21,590.5269154086857
mock_plate_2,B22,4267.827100767621
mock_plate_2,B23,2149.734453276993
mock_plate_2,B24,291.8587327443648
mock_plate_2,C1,2833.837095705836
mock_plate_2,C2,783.8237704732624
mock_plate_2,C3,1796.580221398742
mock_plate_2,C4,3857.703735272432
mock_plate_2,C5,580.9670232931448
mock_plate_2,C6,379.9500330038491
mock_plate_2,C7,1714.979099695918
mock_plate_2,C8,339.7467334002683
mock_plate_2,C9,337.4706657043042
mock_plate_2,C10,2382.105277196986
mock_plate_2,C11,1803.22507943674
mock_plate_2,C12,3178.831407132986
mock_plate_2,C13,4481.218205223629
mock_plate_2,C14,4273.498472933778
mock_plate_2,C15,4244.32171322651
mock_plate_2,C16,1309.554730922642
mock_plate_2,C17,3612.045836431258
mock_plate_2,C18,1838.565795619738
mock_plate_2,C19,413.6228440889717
mock_plate_2,C20,972.9319923957186
mock_plate_2,C21,2647.741240122258
mock_plate_2,C22,4201.074916522731
mock_plate_2,C23,4403.593215237202
mock_plate_2,C24,856.9537425406132
mock_plate_2,D1,3191.721464929951
mock_plate_2,D2,4696.142942817107
mock_plate_2,D3,3718.437123258076
mock_plate_2,D4,909.8636399125694
mock_plate_2,D5,661.5652725575562
mock_plate_2,D6,309.0696329600643
mock_plate_2,D7,4767.546389797173
mock_plate_2,D8,3125.054642448542
mock_plate_2,D9,4930.913116011619
mock_plate_2,D10,3078.849917067104
mock_plate_2,D11,2374.76470230755
mock_plate_2,D12,2186.708462651697
mock_plate_2,D13,3160.361034274004
mock_plate_2,D14,2269.55378665827
mock_plate_2,D15,3172.18229208036
mock_plate_2,D16,1883.197985571143
mock_plate_2,D17,1609.012933236877
mock_plate_2,D18,2069.327338170136
mock_plate_2,D19,2677.680889515966
mock_plate_2,D20,526.5916864985606
mock_plate_2,D21,4720.90466516185
mock_plate_2,D22,4791.508162611053
mock_plate_2,D23,3762.679461043483
mock_plate_2,D24,286.1822743739598
mock_plate_2,E1,3226.299479881499
mock_plate_2,E2,2783.522921163755
mock_plate_2,E3,646.0609651981987
mock_plate_2,E4,3702.696640176284
mock_plate_2,E5,3618.118257130868
mock_plate_2,E6,609.4491591063834
mock_plate_2,E7,3669.551862294259
mock_plate_2,E8,564.7170428245422
mock_plate_2,E9,1140.873057623239
mock_plate_2,E10,473.2184571120964
mock_plate_2,E11,2136.982424822043
mock_plate_2,E12,3899.145949368207
mock_plate_2,E13,1381.514223384763
mock_plate_2,E14,3215.406120220709
mock_plate_2,E15,381.2752053945745
mock_plate_2,E16,4965.639318221415
mock_plate_2,E17,3989.900604352394
mock_plate_2,E18,1390.590331405248
mock_plate_2,E19,4870.136986040423
mock_plate_2,E20,4573.885758447923
mock_plate_2,E21,4745.623997534581
mock_plate_2,E22,4798.163868819731
mock_plate_2,E23,4520.69030064668
mock_plate_2,E24,3418.765103822021
mock_plate_2,F1,1522.469262553249
mock_plate_2,F2,1241.175354323613
mock_plate_2,F3,4122.322471017963
mock_plate_2,F4,1886.416719156338
mock_plate_2,F5,1579.47367322008
mock_plate_2,F6,527.4764684370439
mock_plate_2,F7,3069.529324982484
mock_plate_2,F8,2756.236056697651
mock_plate_2,F9,3986.594656931615
mock_plate_2,F10,3461.199799960513
mock_plate_2,F11,4459.113443785769
mock_plate_2,F12,3933.294424451052
mock_plate_2,F13,4676.55342324198
mock_plate_2,F14,2604.987551280554
mock_plate_2,F15,1086.05393991869
mock_plate_2,F16,2450.553537502575
mock_plate_2,F17,2485.902285365615
mock_plate_2,F18,539.7346627022755
mock_plate_2,F19,4726.781651099044
mock_plate_2,F20,1467.315436497893
mock_plate_2,F21,2304.983360083888
mock_plate_2,F22,1941.999191798617
mock_plate_2,F23,2923.504906106402
mock_plate_2,F24,2673.696558913973
mock_plate_2,G1,1009.175502427965
mock_plate_2,G2,2319.710656179976
mock_plate_2,G3,276.0975471200233
mock_plate_2,G4,4033.109922577707
mock_plate_2,G5,4387.542529002569
mock_plate_2,G6,4617.830052984717
mock_plate_2,G7,3485.844224458838
mock_plate_2,G8,3965.735113648688
mock_plate_2,G9,624.0976980459592
mock_plate_2,G10,1611.398124056849
mock_plate_2,G11,3237.05976374316
mock_plate_2,G12,702.4983259061039
mock_plate_2,G13,2846.03557201116
mock_plate_2,G14,2251.639892382642
mock_plate_2,G15,2362.765931370245
mock_plate_2,G16,981.1034808532996
mock_plate_2,G17,327.5267508641905
mock_plate_2,G18,4547.939930820208
mock_plate_2,G19,2589.507644399181
mock_plate_2,G20,244.5940202532115
mock_plate_2,G21,1884.246007910966
mock_plate_2,G22,1075.901072810599
mock_plate_2,G23,3191.747878256912
mock_plate_2,G24,357.1803315159738
mock_plate_2,H1,1072.180468956118
mock_plate_2,H2,4283.180716691943
mock_plate_2,H3,1666.354775777138
mock_plate_2,H4,3782.579849150209
mock_plate_2,H5,1323.073513626121
mock_plate_2,H6,4919.329555075179
mock_plate_2,H7,2882.914170246759
mock_plate_2,H8,4382.431413001055
mock_plate_2,H9,2174.843793569134
mock_plate_2,H10,3738.612571230772
mock_plate_2,H11,3812.534700053767
mock_plate_2,H12,3762.614788904421
mock_plate_2,H13,4144.689694716397
mock_plate_2,H14,4636.412312011475
mock_plate_2,H15,3968.532052588302
mock_plate_2,H16,2055.204048594593
mock_plate_2,H17,1640.290028944537
mock_plate_2,H18,4486.837314407129
mock_plate_2,H19,3097.087346164833
mock_plate_2,H20,3982.144528702207
mock_plate_2,H21,1551.359604829046
mock_plate_2,H22,3478.958979477979
mock_plate_2,H23,2307.418921574686
mock_plate_2,H24,4279.866196569458
mock_plate_2,I1,1756.707358321885
mock_plate_2,I2,4379.699049757387
mock_plate_2,I3,3095.981863816486
mock_plate_2,I4,2336.681781645122
mock_plate_2,I5,2307.187316784203
mock_plate_2,I6,3585.416394491907
mock_plate_2,I7,711.7100147564796
mock_plate_2,I8,937.7683776619576
mock_plate_2,I9,4391.507889206164
mock_plate_2,I10,601.9129750678505
mock_plate_2,I11,1010.105485365314
mock_plate_2,I12,4467.178120720069
mock_plate_2,I13,3928.937868569382
mock_plate_2,I14,4186.411076577562
mock_plate_2,I15,1588.163693294807
mock_plate_2,I16,4799.991134523664
mock_plate_2,I17,4125.977419960202
mock_plate_2,I18,4159.799531215676
mock_plate_2,I19,4112.894284044771
mock_plate_2,I20,1836.86951192161
mock_plate_2,I21,4000.021677436667
mock_plate_2,I22,1736.39617651266
mock_plate_2,I23,255.9734021184304
mock_plate_2,I24,2467.923267653991
mock_plate_2,J1,2113.966783850776
mock_plate_2,J2,2969.378021175256
mock_plate_2,J3,3322.258919018081
mock_plate_2,J4,4689.884492579276
mock_plate_2,J5,3593.293417094819
mock_plate_2,J6,4084.690717534503
mock_plate_2,J7,4947.233215089016
mock_plate_2,J8,1167.676075957095
mock_plate_2,J9,4460.372529248079
mock_plate_2,J10,1937.963893529422
mock_plate_2,J11,2637.750940623997
mock_plate_2,J12,3427.505596805227
mock_plate_2,J13,2164.321827913675
mock_plate_2,J14,4199.449998095883
mock_plate_2,J15,4047.164712613878
mock_plate_2,J16,487.9077978812694
mock_plate_2,J17,2686.773605091705
mock_plate_2,J18,2458.355806730402
mock_plate_2,J19,3165.836248494239
mock_plate_2,J20,2630.192286656848
mock_plate_2,J21,2894.414302352292
mock_plate_2,J22,1185.645480321858
mock_plate_2,J23,2747.439490778631
mock_plate_2,J24,4134.730320481051
mock_plate_2,K1,3210.311622931529
mock_plate_2,K2,741.6249471261185
mock_plate_2,K3,1351.55023192071
mock_plate_2,K4,1132.554415296667
mock_plate_2,K5,1873.244471368235
mock_plate_2,K6,1187.92593582868
mock_plate_2,K7,2872.110449674093
mock_plate_2,K8,4028.11596928829
mock_plate_2,K9,750.3747085697021
mock_plate_2,K10,3169.967653865378
mock_plate_2,K11,2093.180606143831
mock_plate_2,K12,1859.862108095236
mock_plate_2,K13,3274.478439119411
mock_plate_2,K14,3823.71379704779
mock_plate_2,K15,3506.246231422927
mock_plate_2,K16,1505.171393870494
mock_plate_2,K17,1184.61143955652
mock_plate_2,K18,4371.515296700748
mock_plate_2,K19,1084.617202741183
mock_plate_2,K20,4460.816046726906
mock_plate_2,K21,4234.838275623219
mock_plate_2,K22,3777.472163893497
mock_plate_2,K23,4315.936355257466
mock_plate_2,K24,1221.299784034223
mock_plate_2,L1,1692.358429747066
mock_plate_2,L2,4565.819288858347
mock_plate_2,L3,4654.787278006197
mock_plate_2,L4,4776.803936041806
mock_plate_2,L5,1354.937115015008
mock_plate_2,L6,1263.226777371892
mock_plate_2,L7,1232.680694595326
mock_plate_2,L8,862.4170175153771
mock_plate_2,L9,2813.380589247989
mock_plate_2,L10,1122.769933012254
mock_plate_2,L11,1204.623678943876
mock_plate_2,L12,4522.413238750697
mock_plate_2,L13,3504.185124261944
mock_plate_2,L14,2887.235979241783
mock_plate_2,L15,1029.90348249613
mock_plate_2,L16,1406.958319955929
mock_plate_2,L17,2573.774223659276
mock_plate_2,L18,1503.459708697636
mock_plate_2,L19,1330.588543155628
mock_plate_2,L20,4601.823879461971
mock_plate_2,L21,453.5021856960747
mock_plate_2,L22,1669.329554213452
mock_plate_2,L23,1296.245025618684
mock_plate_2,L24,2034.076628435642
mock_plate_2,M1,289.1657502507002
mock_plate_2,M2,3263.671695526709
mock_plate_2,M3,434.6173681302786
mock_plate_2,M4,2013.27407413737
mock_plate_2,M5,2121.947697094267
mock_plate_2,M6,3741.985477592224
mock_plate_2,M7,3129.054956837965
mock_plate_2,M8,4523.070695174328
mock_plate_2,M9,1897.122027346081
mock_plate_2,M10,4424.842573166002
mock_plate_2,M11,4086.350985748631
mock_plate_2,M12,3576.96423793858
mock_plate_2,M13,768.2522592164162
mock_plate_2,M14,3961.350124553959
mock_plate_2,M15,933.0862632123897
mock_plate_2,M16,2510.116106368215
mock_plate_2,M17,4701.227178873196
mock_plate_2,M18,3946.962888795167
mock_plate_2,M19,4621.964932755642
mock_plate_2,M20,112.3823940442628
mock_plate_2,M21,1113.357583596578
mock_plate_2,M22,3048.377725320307
mock_plate_2,M23,4337.576650121694
mock_plate_2,M24,3392.127102804819
mock_plate_2,N1,1361.806012980793
mock_plate_2,N2,896.4853816897156
mock_plate_2,N3,1399.513417687385
mock_plate_2,N4,3528.017654524578
mock_plate_2,N5,3611.564303151443
mock_plate_2,N6,105.7153069467983
mock_plate_2,N7,4540.561102650208
mock_plate_2,N8,2635.921950636382
mock_plate_2,N9,4984.670721228286
mock_plate_2,N10,1494.916073606222
mock_plate_2,N11,2978.39976193967
mock_plate_2,N12,3851.603776325464
mock_plate_2,N13,3282.12284782232
mock_plate_2,N14,2039.520206072553
mock_plate_2,N15,900.5938816787468
mock_plate_2,N16,1714.647124509783
mock_plate_2,N17,2867.487996861149
mock_plate_2,N18,3889.758729333183
mock_plate_2,N19,2268.033933694383
mock_plate_2,N20,4929.121842884811
mock_plate_2,N21,2369.129254636947
mock_plate_2,N22,4144.049280908037
mock_plate_2,N23,356.379411895261
mock_plate_2,N24,2216.177496574092
mock_plate_2,O1,2768.105891440166
mock_plate_2,O2,1806.698853265093
mock_plate_2,O3,346.903125702227
mock_plate_2,O4,2996.053688105547
mock_plate_2,O5,480.9947495072742
mock_plate_2,O6,1542.296040570641
mock_plate_2,O7,3830.302449927274
mock_plate_2,O8,3125.1165851064
mock_plate_2,O9,254.6885803349424
mock_plate_2,O10,496.2641629423894
mock_plate_2,O11,782.5447265826209
mock_plate_2,O12,3275.203451278619
mock_plate_2,O13,3175.325825467175
mock_plate_2,O14,212.6918743226838
mock_plate_2,O15,3128.423675372162
mock_plate_2,O16,489.7015255720974
mock_plate_2,O17,951.3876849059334
mock_plate_2,O18,3370.806620676273
mock_plate_2,O19,3271.13802360064
mock_plate_2,O20,889.9417364430565
mock_plate_2,O21,2805.317281191662
mock_plate_2,O22,4197.193242509424
mock_plate_2,O23,1861.876378530475
mock_plate_2,O24,3081.77454067428
mock_plate_2,P1,1795.113335665116
mock_plate_2,P2,3558.38473312563
mock_plate_2,P3,1727.213237999099
mock_plate_2,P4,1299.694966101566
mock_plate_2,P5,4966.917668689312
mock_plate_2,P6,3257.696999328208
mock_plate_2,P7,4406.568893324492
mock_plate_2,P8,2280.572269938518
mock_plate_2,P9,4389.72737747706
mock_plate_2,P10,657.4238443583018
mock_plate_2,P11,2510.675835427306
mock_plate_2,P12,3315.501626697889
mock_plate_2,P13,4107.40134393962
mock_plate_2,P14,1967.672312385239
mock_plate_2,P15,880.5885048517313
mock_plate_2,P16,2837.798094140489
mock_plate_2,P17,2364.978023625571
mock_plate_2,P18,2391.557610908653
mock_plate_2,P19,975.6477034922616
mock_plate_2,P20,2014.239367776507
mock_plate_2,P21,1424.578986663267
mock_plate_2,P22,160.3373934761628
mock_plate_2,P23,4366.908192169842
mock_plate_2,P24,2428.78079600002
mock_plate_3,A1,284.9105917596286
mock_plate_3,A2,256.54938031231586
mock_plate_3,A3,1220.0680862973034
mock_plate_3,A4,419.4428170659918
mock_plate_3,A5,497.6104797300521
mock_plate_3,A6,2470.3602247592585
mock_plate_3,A7,4589.216769651709
mock_plate_3,A8,4351.719993727009
mock_plate_3,A9,4127.838566520119
mock_plate_3,A10,2947.3001200216872
mock_plate_3,A11,1334.5182313766368
mock_plate_3,A12,4366.420461719496
mock_plate_3,A13,1807.3160756651312
mock_plate_3,A14,4863.683393612599
mock_plate_3,A15,1792.8450745293042
mock_plate_3,A16,3522.728582422806
mock_plate_3,A17,2056.810295645244
mock_plate_3,A18,640.335689615096
mock_plate_3,A19,3911.8648728522176
mock_plate_3,A20,2679.477512886089
mock_plate_3,A21,1409.0375044705736
mock_plate_3,A22,3871.956658768309
mock_plate_3,A23,3744.9245806795047
mock_plate_3,A24,1607.0696977182447
mock_plate_3,B1,2431.654662250944
mock_plate_3,B2,3969.192050792145
mock_plate_3,B3,2690.4752828478404
mock_plate_3,B4,1529.81083687875
mock_plate_3,B5,3116.2448060861184
mock_plate_3,B6,4801.9600355533385
mock_plate_3,B7,4122.878595392513
mock_plate_3,B8,2663.817849857329
mock_plate_3,B9,3195.3442659953785
mock_plate_3,B10,1701.575535975968
mock_plate_3,B11,3796.09023880763
mock_plate_3,B12,4097.395921022824
mock_plate_3,B13,2968.265620052946
mock_plate_3,B14,3433.930394780987
mock_plate_3,B15,3655.33257123873
mock_plate_3,B16,329.3857012333005
mock_plate_3,B17,2257.066529431156
mock_plate_3,B18,480.77362391457245
mock_plate_3,B19,2738.162744617512
mock_plate_3,B20,2137.830365260708
mock_plate_3,B21,4297.023337922708
mock_plate_3,B22,2950.445157625509
mock_plate_3,B23,767.8678800708144
mock_plate_3,B24,2227.465804216674
mock_plate_3,C1,3246.065582024838
mock_plate_3,C2,2071.1391947128286
mock_plate_3,C3,1109.522991049118
mock_plate_3,C4,4123.511787247366
mock_plate_3,C5,3586.9609117381087
mock_plate_3,C6,4912.285650144412
mock_plate_3,C7,1292.3443340834435
mock_plate_3,C8,3726.128575827152
mock_plate_3,C9,1078.570047977887
mock_plate_3,C10,949.8217873634128
mock_plate_3,C11,751.712481707981
mock_plate_3,C12,669.0816627044504
mock_plate_3,C13,375.1805026094054
mock_plate_3,C14,2150.0443928845525
mock_plate_3,C15,2990.35888794638
mock_plate_3,C16,884.8031378050985
mock_plate_3,C17,4497.641538600511
mock_plate_3,C18,4672.89111376859
mock_plate_3,C19,525.8458548893057
mock_plate_3,C20,3541.956355866768
mock_plate_3,C21,2735.504319727319
mock_plate_3,C22,837.7331655604007
mock_plate_3,C23,4174.27059159853
mock_plate_3,C24,4603.739607935982
mock_plate_3,D1,215.3287094787438
mock_plate_3,D2,809.6126431041496
mock_plate_3,D3,256.6137124917666
mock_plate_3,D4,613.8694347950449
mock_plate_3,D5,2568.1305536472887
mock_plate_3,D6,1772.792563254581
mock_plate_3,D7,2928.7495585730053
mock_plate_3,D8,235.8486179081601
mock_plate_3,D9,2016.757748955768
mock_plate_3,D10,3368.756507537843
mock_plate_3,D11,2400.2317937867147
mock_plate_3,D12,3088.971935179655
mock_plate_3,D13,4391.527620689593
mock_plate_3,D14,3053.684907496249
mock_plate_3,D15,805.7839615608166
mock_plate_3,D16,3626.507535062779
mock_plate_3,D17,397.85960496600825
mock_plate_3,D18,2842.536082332396
mock_plate_3,D19,3566.204859079865
mock_plate_3,D20,2101.054316380997
mock_plate_3,D21,3153.4197919496514
mock_plate_3,D22,3695.808721209517
mock_plate_3,D23,2207.5803567810312
mock_plate_3,D24,1528.589084473973
mock_plate_3,E1,669.1629340741865
mock_plate_3,E2,3092.139117374532
mock_plate_3,E3,821.9969637758219
mock_plate_3,E4,2185.710722628994
mock_plate_3,E5,3185.2894620193283
mock_plate_3,E6,3345.142518275695
mock_plate_3,E7,3283.940069005073
mock_plate_3,E8,1871.681618074024
mock_plate_3,E9,573.1568293348664
mock_plate_3,E10,1319.311667233713
mock_plate_3,E11,1093.011864775063
mock_plate_3,E12,2354.497675475764
mock_plate_3,E13,1245.0185121463487
mock_plate_3,E14,4596.665453291335
mock_plate_3,E15,4366.872346744164
mock_plate_3,E16,2148.528676755016
mock_plate_3,E17,1553.741055724643
mock_plate_3,E18,2520.131534281203
mock_plate_3,E19,972.7566646144184
mock_plate_3,E20,1580.7708645793602
mock_plate_3,E21,1257.6486631608118
mock_plate_3,E22,247.82239959060712
mock_plate_3,E23,3597.054830665508
mock_plate_3,E24,4182.78298091526
mock_plate_3,F1,4097.568962333755
mock_plate_3,F2,3358.7309193353003
mock_plate_3,F3,4471.852102161726
mock_plate_3,F4,4339.860382811208
mock_plate_3,F5,796.8401992340032
mock_plate_3,F6,3114.6472870792377
mock_plate_3,F7,3459.12765552541
mock_plate_3,F8,1510.2189887788545
mock_plate_3,F9,1087.0083317623075
mock_plate_3,F10,1964.271519135316
mock_plate_3,F11,4766.527248611247
mock_plate_3,F12,2670.3423783592057
mock_plate_3,F13,2078.1551566001685
mock_plate_3,F14,4449.062678193325
mock_plate_3,F15,3800.1609904614847
mock_plate_3,F16,531.412827118355
mock_plate_3,F17,203.85041349701464
mock_plate_3,F18,2362.47154872527
mock_plate_3,F19,1922.1674685988332
mock_plate_3,F20,3566.970885438769
mock_plate_3,F21,1288.5957798250452
mock_plate_3,F22,1702.3782819292817
mock_plate_3,F23,1838.684262132809
mock_plate_3,F24,2232.675015128176
mock_plate_3,G1,2000.989248145823
mock_plate_3,G2,706.8866106805691
mock_plate_3,G3,2903.746930393701
mock_plate_3,G4,4641.489543739047
mock_plate_3,G5,364.253912141631
mock_plate_3,G6,2410.8563787705984
mock_plate_3,G7,4810.635583583027
mock_plate_3,G8,4436.778160470295
mock_plate_3,G9,259.1808395714342
mock_plate_3,G10,463.3075116860183
mock_plate_3,G11,145.76470698980853
mock_plate_3,G12,3739.8561106234447
mock_plate_3,G13,2768.7344970011163
mock_plate_3,G14,3335.9922511256527
mock_plate_3,G15,4144.189335340714
mock_plate_3,G16,2938.2942808538583
mock_plate_3,G17,1294.046400475348
mock_plate_3,G18,1905.7028306442655
mock_plate_3,G19,2345.59107354772
mock_plate_3,G20,2521.4776442015304
mock_plate_3,G21,2826.168728085969
mock_plate_3,G22,3796.2282627283766
mock_plate_3,G23,4983.13961729357
mock_plate_3,G24,1411.9088507290764
mock_plate_3,H1,2275.2914283261857
mock_plate_3,H2,2079.796728018032
mock_plate_3,H3,3375.536824882287
mock_plate_3,H4,2182.129521998361
mock_plate_3,H5,4251.757727858443
mock_plate_3,H6,201.5872313476231
mock_plate_3,H7,2605.574657133342
mock_plate_3,H8,950.7095131605496
mock_plate_3,H9,193.3859534015494
mock_plate_3,H10,1213.049469055631
mock_plate_3,H11,1535.8811581417965
mock_plate_3,H12,2241.557964944915
mock_plate_3,H13,370.8738420852407
mock_plate_3,H14,3484.5932365665026
mock_plate_3,H15,3904.117116788738
mock_plate_3,H16,4047.495217417764
mock_plate_3,H17,270.99748549777746
mock_plate_3,H18,3794.279715468937
mock_plate_3,H19,1577.437281896733
mock_plate_3,H20,4842.147441247302
mock_plate_3,H21,4536.566435967664
mock_plate_3,H22,3352.6014706913747
mock_plate_3,H23,3019.937344700186
mock_plate_3,H24,845.9267900398313
mock_plate_3,I1,3926.502921907676
mock_plate_3,I2,883.585976685334
mock_plate_3,I3,3431.014800734173
mock_plate_3,I4,3752.1448740692
mock_plate_3,I5,4432.299186728205
mock_plate_3,I6,988.738830872468
mock_plate_3,I7,4589.899615858704
mock_plate_3,I8,2056.0618393886507
mock_plate_3,I9,2913.254491378504
mock_plate_3,I10,3667.1765092136097
mock_plate_3,I11,4943.970851888025
mock_plate_3,I12,2138.915804369236
mock_plate_3,I13,2956.6977196671105
mock_plate_3,I14,783.3701198996603
mock_plate_3,I15,4294.262442579371
mock_plate_3,I16,2123.5566921603454
mock_plate_3,I17,3113.730973426147
mock_plate_3,I18,2308.767447088829
mock_plate_3,I19,3540.190369687724
mock_plate_3,I20,125.94388853298378
mock_plate_3,I21,3399.107796344891
mock_plate_3,I22,1160.1320512249574
mock_plate_3,I23,1931.8995471028195
mock_plate_3,I24,2049.722247223218
mock_plate_3,J1,2347.168335046194
mock_plate_3,J2,1671.541996650987
mock_plate_3,J3,1817.0231714246115
mock_plate_3,J4,3268.5892276939903
mock_plate_3,J5,1144.594931887416
mock_plate_3,J6,690.0740460668763
mock_plate_3,J7,2338.854296104523
mock_plate_3,J8,2651.601070799149
mock_plate_3,J9,2310.545456945921
mock_plate_3,J10,1589.4157731969765
mock_plate_3,J11,3947.0347277859496
mock_plate_3,J12,1104.498345649497
mock_plate_3,J13,1329.0732879454724
mock_plate_3,J14,2778.902899537361
mock_plate_3,J15,1844.025651091475
mock_plate_3,J16,747.5792774289446
mock_plate_3,J17,148.52582959106363
mock_plate_3,J18,4748.413263989649
mock_plate_3,J19,4467.05165402756
mock_plate_3,J20,121.76436347877672
mock_plate_3,J21,1389.6607935556574
mock_plate_3,J22,1622.778260051809
mock_plate_3,J23,4337.052745921717
mock_plate_3,J24,4597.913105858397
mock_plate_3,K1,849.6775225949353
mock_plate_3,K2,2095.2559388265263
mock_plate_3,K3,1903.3401206206615
mock_plate_3,K4,1125.732577793662
mock_plate_3,K5,2788.718207603786
mock_plate_3,K6,1078.1644087988211
mock_plate_3,K7,4031.965359749396
mock_plate_3,K8,3309.8108225034584
mock_plate_3,K9,3807.593493671294
mock_plate_3,K10,4949.586674803447
mock_plate_3,K11,3557.777434690404
mock_plate_3,K12,4472.778298776117
mock_plate_3,K13,4270.520131967418
mock_plate_3,K14,211.1982198089778
mock_plate_3,K15,931.8619316779236
mock_plate_3,K16,594.5831205268601
mock_plate_3,K17,1354.5572796603844
mock_plate_3,K18,699.53931934387
mock_plate_3,K19,3377.515107652377
mock_plate_3,K20,3899.826779240973
mock_plate_3,K21,1414.9110690606835
mock_plate_3,K22,865.8039866935366
mock_plate_3,K23,297.2778640706749
mock_plate_3,K24,1357.8271806942157
mock_plate_3,L1,2424.186072824211
mock_plate_3,L2,2989.0842653629347
mock_plate_3,L3,3043.7492886890104
mock_plate_3,L4,1106.1757400003487
mock_plate_3,L5,3548.1061954831416
mock_plate_3,L6,3556.928754787373
mock_plate_3,L7,867.1099414934613
mock_plate_3,L8,1698.595231556375
mock_plate_3,L9,850.5859309868523
mock_plate_3,L10,872.3085826758613
mock_plate_3,L11,4962.399616401647
mock_plate_3,L12,3211.7868434623324
mock_plate_3,L13,4225.90059681892
mock_plate_3,L14,1288.4242080563463
mock_plate_3,L15,519.6437764236882
mock_plate_3,L16,741.3553299260648
mock_plate_3,L17,753.8228579442384
mock_plate_3,L18,2384.5511497383027
mock_plate_3,L19,2299.461060266452
mock_plate_3,L20,3468.808003859836
mock_plate_3,L21,4252.230601321139
mock_plate_3,L22,3405.26763370732
mock_plate_3,L23,4307.605139942082
mock_plate_3,L24,1175.743849226333
mock_plate_3,M1,4638.798700516621
mock_plate_3,M2,977.640791741434
mock_plate_3,M3,1282.5754855781383
mock_plate_3,M4,1915.0029467643656
mock_plate_3,M5,4287.915749056615
mock_plate_3,M6,1723.961514478428
mock_plate_3,M7,4599.46407835845
mock_plate_3,M8,3177.735488225658
mock_plate_3,M9,2167.6370708274826
mock_plate_3,M10,1087.1858802660445
mock_plate_3,M11,3830.756887778248
mock_plate_3,M12,1142.5346549231176
mock_plate_3,M13,2255.840534067923
mock_plate_3,M14,3794.717941958182
mock_plate_3,M15,2369.798798107651
mock_plate_3,M16,2179.2191401313235
mock_plate_3,M17,1091.8038292336355
mock_plate_3,M18,324.30127237519935
mock_plate_3,M19,4445.910517393605
mock_plate_3,M20,2093.2691969341427
mock_plate_3,M21,4615.547292512636
mock_plate_3,M22,3459.249105479776
mock_plate_3,M23,4812.587049713332
mock_plate_3,M24,4392.002979038491
mock_plate_3,N1,527.4971224748826
mock_plate_3,N2,2882.753839534977
mock_plate_3,N3,1820.8923573943769
mock_plate_3,N4,504.8947834417205
mock_plate_3,N5,3696.933315271731
mock_plate_3,N6,4110.213193636409
mock_plate_3,N7,2669.2619988327906
mock_plate_3,N8,2327.190924468039
mock_plate_3,N9,1466.0200585653429
mock_plate_3,N10,1727.784718910852
mock_plate_3,N11,2956.596623065183
mock_plate_3,N12,2780.8435275714564
mock_plate_3,N13,103.83480773492032
mock_plate_3,N14,4126.438450105281
mock_plate_3,N15,2702.1916527658027
mock_plate_3,N16,792.569441446317
mock_plate_3,N17,2387.9317852042623
mock_plate_3,N18,3515.5881563681355
mock_plate_3,N19,1407.4028401328949
mock_plate_3,N20,1164.4946471097203
mock_plate_3,N21,2271.6521908080485
mock_plate_3,N22,645.7790702292766
mock_plate_3,N23,1236.9423970579844
mock_plate_3,N24,1009.116180834582
mock_plate_3,O1,360.2601850786222
mock_plate_3,O2,4326.927731513605
mock_plate_3,O3,1090.7649953963803
mock_plate_3,O4,2385.958753603099
mock_plate_3,O5,263.98073798091093
mock_plate_3,O6,848.260636087783
mock_plate_3,O7,2912.306654733928
mock_plate_3,O8,319.6107764760994
mock_plate_3,O9,2621.536485378081
mock_plate_3,O10,4600.26370684099
mock_plate_3,O11,137.42079889847685
mock_plate_3,O12,4407.452170096653
mock_plate_3,O13,4280.7132175589
mock_plate_3,O14,4501.972413270835
mock_plate_3,O15,3170.4165589538125
mock_plate_3,O16,1632.992091102225
mock_plate_3,O17,3054.4103779005554
mock_plate_3,O18,643.3587851675713
mock_plate_3,O19,3812.56767776132
mock_plate_3,O20,2070.1287950584046
mock_plate_3,O21,103.69093024281456
mock_plate_3,O22,4072.2051810072767
mock_plate_3,O23,1646.6551338085303
mock_plate_3,O24,231.07192457900416
mock_plate_3,P1,3873.096980640352
mock_plate_3,P2,3940.3022017906974
mock_plate_3,P3,3157.547090130572
mock_plate_3,P4,2853.450518628907
mock_plate_3,P5,3361.827950970136
mock_plate_3,P6,727.9122281813397
mock_plate_3,P7,249.87173072780243
mock_plate_3,P8,1016.5429851847604
mock_plate_3,P9,3260.652908877994
mock_plate_3,P10,2459.6103192717114
mock_plate_3,P11,4371.277224011082
mock_plate_3,P12,3207.3977028967715
mock_plate_3,P13,844.2659319841923
mock_plate_3,P14,2322.9748707105314
mock_plate_3,P15,380.5061707660567
mock_plate_3,P16,721.3245780093443
mock_plate_3,P17,1845.801608680409
mock_plate_3,P18,1438.8352969862456
mock_plate_3,P19,4984.253234402289
mock_plate_3,P20,770.3907253798733
mock_plate_3,P21,3565.543971628535
mock_plate_3,P22,3590.390874860177
mock_plate_3,P23,3850.636979273392
mock_plate_3,P24,3532.486483082985
mock_plate_4,A1,1395.2803621779428
mock_plate_4,A2,2484.9582156610127
mock_plate_4,A3,4848.179931861815
mock_plate_4,A4,4496.677958864994
mock_plate_4,A5,4582.81957561011
mock_plate_4,A6,2664.911268802355
mock_plate_4,A7,3469.614625981725
mock_plate_4,A8,4504.684905956427
mock_plate_4,A9,2198.97625771461
mock_plate_4,A10,4920.731114986544
mock_plate_4,A11,2825.9757801566607
mock_plate_4,A12,980.9950974054566
mock_plate_4,A13,4754.8248773213445
mock_plate_4,A14,4395.650310850844
mock_plate_4,A15,3365.5006614941426
mock_plate_4,A16,3266.5823485473848
mock_plate_4,A17,1879.319479478296
mock_plate_4,A18,3301.592079046085
mock_plate_4,A19,2174.683709807351
mock_plate_4,A20,1962.3373808606916
mock_plate_4,A21,3693.846722766285
mock_plate_4,A22,2310.775596365271
mock_plate_4,A23,1863.997483865436
mock_plate_4,A24,4636.035373837744
mock_plate_4,B1,3470.033807133295
mock_plate_4,B2,653.3007406014499
mock_plate_4,B3,4345.298576519213
mock_plate_4,B4,3599.038321772087
mock_plate_4,B5,584.4711936330159
mock_plate_4,B6,300.51061024778346
mock_plate_4,B7,2308.709528306718
mock_plate_4,B8,2378.973503806481
mock_plate_4,B9,3711.58676291917
mock_plate_4,B10,576.3586150022445
mock_plate_4,B11,4459.027460755616
mock_plate_4,B12,3426.329148511252
mock_plate_4,B13,2751.8170926304383
mock_plate_4,B14,2341.719355902177
mock_plate_4,B15,2418.3718838276027
mock_plate_4,B16,2754.651174515888
mock_plate_4,B17,1866.645458015472
mock_plate_4,B18,2981.498106428672
mock_plate_4,B19,199.0608548646157
mock_plate_4,B20,4715.5076108024
mock_plate_4,B21,4837.883489367074
mock_plate_4,B22,605.8012988569775
mock_plate_4,B23,1463.2227690994278
mock_plate_4,B24,4346.308799870246
mock_plate_4,C1,1159.1696990575608
mock_plate_4,C2,623.7072421493885
mock_plate_4,C3,255.22486300551543
mock_plate_4,C4,4994.89652257692
mock_plate_4,C5,3634.8018992264633
mock_plate_4,C6,1998.4345958915656
mock_plate_4,C7,539.3848998407202
mock_plate_4,C8,4367.915412813826
mock_plate_4,C9,4321.716861761343
mock_plate_4,C10,3327.700597454442
mock_plate_4,C11,495.6464650038637
mock_plate_4,C12,2132.245774344805
mock_plate_4,C13,592.687577895615
mock_plate_4,C14,2745.953856332805
mock_plate_4,C15,3777.146924909384
mock_plate_4,C16,3598.717218794732
mock_plate_4,C17,3315.5313655334708
mock_plate_4,C18,4741.310016598118
mock_plate_4,C19,1321.236363744262
mock_plate_4,C20,731.299238368973
mock_plate_4,C21,3286.8680287050342
mock_plate_4,C22,610.2563396362852
mock_plate_4,C23,3437.934527150706
mock_plate_4,C24,2918.924534029076
mock_plate_4,D1,1309.177833992229
mock_plate_4,D2,1836.66665377134
mock_plate_4,D3,2648.935428637408
mock_plate_4,D4,1639.6999305399345
mock_plate_4,D5,3575.333289286276
mock_plate_4,D6,2153.178777510801
mock_plate_4,D7,1835.863367010506
mock_plate_4,D8,4765.912078829018
mock_plate_4,D9,2094.8657314061093
mock_plate_4,D10,3440.990765439929
mock_plate_4,D11,2625.496689716043
mock_plate_4,D12,4966.423327810211
mock_plate_4,D13,1418.781111250712
mock_plate_4,D14,2654.5434020111343
mock_plate_4,D15,3407.652435607209
mock_plate_4,D16,974.7571089971716
mock_plate_4,D17,960.4991652480696
mock_plate_4,D18,1945.0913364323865
mock_plate_4,D19,1657.0651489924364
mock_plate_4,D20,1507.693235467994
mock_plate_4,D21,142.25271173448934
mock_plate_4,D22,1070.186178423382
mock_plate_4,D23,4299.268306457613
mock_plate_4,D24,4212.956372769472
mock_plate_4,E1,3941.703251569381
mock_plate_4,E2,1553.749321542869
mock_plate_4,E3,3609.7910255261095
mock_plate_4,E4,2861.5288272801163
mock_plate_4,E5,2571.751619645
mock_plate_4,E6,2217.8537176683103
mock_plate_4,E7,3785.66375957466
mock_plate_4,E8,175.666225558941
mock_plate_4,E9,3051.71896354888
mock_plate_4,E10,3413.967241742856
mock_plate_4,E11,1152.387139341328
mock_plate_4,E12,2982.2123162297075
mock_plate_4,E13,1130.7398107483214
mock_plate_4,E14,3887.349271843853
mock_plate_4,E15,3621.025161763889
mock_plate_4,E16,1351.311320106291
mock_plate_4,E17,3953.261759057624
mock_plate_4,E18,2035.5713330673063
mock_plate_4,E19,3820.398498127464
mock_plate_4,E20,728.7511514840425
mock_plate_4,E21,4424.404302487311
mock_plate_4,E22,2096.924299625874
mock_plate_4,E23,3377.875115204402
mock_plate_4,E24,2771.621982128081
mock_plate_4,F1,133.97831082693136
mock_plate_4,F2,4757.301316479409
mock_plate_4,F3,3558.902646885696
mock_plate_4,F4,2998.3662776844058
mock_plate_4,F5,3530.6970375301826
mock_plate_4,F6,2335.2610355032853
mock_plate_4,F7,2054.5606823667704
mock_plate_4,F8,2551.820618117324
mock_plate_4,F9,2704.3806676482614
mock_plate_4,F10,461.19862852880937
mock_plate_4,F11,3623.736587515622
mock_plate_4,F12,110.07534791539857
mock_plate_4,F13,1463.9549990181772
mock_plate_4,F14,2304.2458965535607
mock_plate_4,F15,3539.520839105568
mock_plate_4,F16,1357.7080281546662
mock_plate_4,F17,4051.4783339105416
mock_plate_4,F18,3061.1452974038057
mock_plate_4,F19,1857.9121195440423
mock_plate_4,F20,1349.653878803009
mock_plate_4,F21,2460.697289523068
mock_plate_4,F22,1690.4956238585446
mock_plate_4,F23,3421.1167698667373
mock_plate_4,F24,776.338662514478
mock_plate_4,G1,1580.1408018002076
mock_plate_4,G2,4077.275460425434
mock_plate_4,G3,4504.795976983157
mock_plate_4,G4,2655.8500629115715
mock_plate_4,G5,1114.5615331759757
mock_plate_4,G6,264.6088275874638
mock_plate_4,G7,739.1051374924486
mock_plate_4,G8,805.1009626480953
mock_plate_4,G9,4906.37775589239
mock_plate_4,G10,3397.7083948083264
mock_plate_4,G11,1487.874728650506
mock_plate_4,G12,4457.0797320478105
mock_plate_4,G13,4774.249122796651
mock_plate_4,G14,297.4089659552985
mock_plate_4,G15,3537.675227501962
mock_plate_4,G16,2911.1581721823845
mock_plate_4,G17,2566.032783294293
mock_plate_4,G18,3636.077516904984
mock_plate_4,G19,2373.125979531681
mock_plate_4,G20,387.4074915007799
mock_plate_4,G21,198.75567048795756
mock_plate_4,G22,4645.126355965638
mock_plate_4,G23,4487.15906462461
mock_plate_4,G24,1374.859384872898
mock_plate_4,H1,3027.468115858096
mock_plate_4,H2,3487.16453164522
mock_plate_4,H3,3146.315961095604
mock_plate_4,H4,3905.555041654205
mock_plate_4,H5,1317.8882931762862
mock_plate_4,H6,1479.0429743686109
mock_plate_4,H7,4620.234642678549
mock_plate_4,H8,3707.628133189452
mock_plate_4,H9,3555.331974752876
mock_plate_4,H10,4690.3097173067
mock_plate_4,H11,604.2886130372951
mock_plate_4,H12,2069.0660999286515
mock_plate_4,H13,829.2446432130884
mock_plate_4,H14,3064.3244577583723
mock_plate_4,H15,376.2094238796479
mock_plate_4,H16,2451.3039697828085
mock_plate_4,H17,2757.2174863141227
mock_plate_4,H18,3264.951557691003
mock_plate_4,H19,4147.305846881045
mock_plate_4,H20,4946.680797914619
mock_plate_4,H21,2276.9665920858265
mock_plate_4,H22,1286.239023504666
mock_plate_4,H23,2790.0150822684104
mock_plate_4,H24,877.9574450000929
mock_plate_4,I1,4579.416131466198
mock_plate_4,I2,4614.307878515657
mock_plate_4,I3,1393.0528035695038
mock_plate_4,I4,3177.1414210840653
mock_plate_4,I5,720.9161718845324
mock_plate_4,I6,3417.7148678616977
mock_plate_4,I7,2473.005072808983
mock_plate_4,I8,4702.586760684148
mock_plate_4,I9,714.2161157567801
mock_plate_4,I10,3901.585544435216
mock_plate_4,I11,248.59781738262407
mock_plate_4,I12,1619.3294915415331
mock_plate_4,I13,1494.9196087385913
mock_plate_4,I14,4095.4479117553424
mock_plate_4,I15,1236.3037238382246
mock_plate_4,I16,2120.831303501948
mock_plate_4,I17,2175.383362145861
mock_plate_4,I18,369.65367477257286
mock_plate_4,I19,117.14691710719391
mock_plate_4,I20,1987.2498631211365
mock_plate_4,I21,1083.2120807433137
mock_plate_4,I22,3873.693059223508
mock_plate_4,I23,1426.652212161383
mock_plate_4,I24,3586.960083443279
mock_plate_4,J1,822.4381645581852
mock_plate_4,J2,3132.865954764754
mock_plate_4,J3,147.784854343348
mock_plate_4,J4,1742.7988733165098
mock_plate_4,J5,1026.624949865515
mock_plate_4,J6,943.3652170651642
mock_plate_4,J7,4952.4548582916495
mock_plate_4,J8,559.1811561936856
mock_plate_4,J9,2678.484947438085
mock_plate_4,J10,3766.821292551105
mock_plate_4,J11,1553.938059258125
mock_plate_4,J12,1586.315948833884
mock_plate_4,J13,4113.543294659385
mock_plate_4,J14,1396.9162970819157
mock_plate_4,J15,2742.4557943552086
mock_plate_4,J16,3785.499896392429
mock_plate_4,J17,532.0722490072153
mock_plate_4,J18,4524.735199674001
mock_plate_4,J19,2919.6687853293456
mock_plate_4,J20,1826.3334749609623
mock_plate_4,J21,467.7055117031391
mock_plate_4,J22,1022.3717058113218
mock_plate_4,J23,1543.6367460108734
mock_plate_4,J24,1813.1851042128037
mock_plate_4,K1,3671.860231582257
mock_plate_4,K2,1219.512389287836
mock_plate_4,K3,1625.8124398087998
mock_plate_4,K4,4346.7894220918215
mock_plate_4,K5,4144.89614996029
mock_plate_4,K6,833.6025884328525
mock_plate_4,K7,4822.217665271816
mock_plate_4,K8,2402.955254771144
mock_plate_4,K9,3866.371054840701
mock_plate_4,K10,4650.059061724669
mock_plate_4,K11,4235.291422119044
mock_plate_4,K12,248.12308357170795
mock_plate_4,K13,588.4963268001497
mock_plate_4,K14,3562.694171681602
mock_plate_4,K15,482.18812956415405
mock_plate_4,K16,2776.309858099522
mock_plate_4,K17,3587.274565679738
mock_plate_4,K18,3879.87097604538
mock_plate_4,K19,4531.35948178982
mock_plate_4,K20,3156.7416150684408
mock_plate_4,K21,2986.596813806176
mock_plate_4,K22,4475.524995886825
mock_plate_4,K23,1324.5418451975984
mock_plate_4,K24,4258.751590785018
mock_plate_4,L1,4916.590219349895
mock_plate_4,L2,4435.220583601354
mock_plate_4,L3,4027.5476044832753
mock_plate_4,L4,2436.493079906647
mock_plate_4,L5,4992.839958224496
mock_plate_4,L6,4497.357406058377
mock_plate_4,L7,3528.4736626176923
mock_plate_4,L8,2989.1112090658467
mock_plate_4,L9,3183.930296638184
mock_plate_4,L10,3787.5222128819496
mock_plate_4,L11,867.4219839548365
mock_plate_4,L12,163.44045773960698
mock_plate_4,L13,4387.898835944567
mock_plate_4,L14,3463.985358095501
mock_plate_4,L15,4502.870872761564
mock_plate_4,L16,373.37236418208977
mock_plate_4,L17,1771.9241236363555
mock_plate_4,L18,1024.871409162754
mock_plate_4,L19,1706.7178436803454
mock_plate_4,L20,3130.7551446894404
mock_plate_4,L21,2012.1572659628523
mock_plate_4,L22,3360.6616208634523
mock_plate_4,L23,4113.024070160104
mock_plate_4,L24,1821.7551791883095
mock_plate_4,M1,4944.338380843942
mock_plate_4,M2,3136.675229449977
mock_plate_4,M3,797.7024921435024
mock_plate_4,M4,3727.5408278015034
mock_plate_4,M5,4204.802132553741
mock_plate_4,M6,3002.842907607616
mock_plate_4,M7,3839.692657176005
mock_plate_4,M8,3810.5402474475663
mock_plate_4,M9,1459.3725124166035
mock_plate_4,M10,733.5060541426055
mock_plate_4,M11,1705.3487576552016
mock_plate_4,M12,4956.19941469011
mock_plate_4,M13,3695.2372708641383
mock_plate_4,M14,2236.4712513605677
mock_plate_4,M15,4063.551673730074
mock_plate_4,M16,2827.323051979798
mock_plate_4,M17,2033.1544903679967
mock_plate_4,M18,1767.4708369768243
mock_plate_4,M19,1852.9239274915312
mock_plate_4,M20,4377.447318635877
mock_plate_4,M21,3766.560222447944
mock_plate_4,M22,414.8850987552034
mock_plate_4,M23,2530.4467658126264
mock_plate_4,M24,744.3056203043212
mock_plate_4,N1,3414.9447089979844
mock_plate_4,N2,3104.87104646976
mock_plate_4,N3,2632.4493199320013
mock_plate_4,N4,2447.9431148902763
mock_plate_4,N5,3047.621927889962
mock_plate_4,N6,2279.705158700524
mock_plate_4,N7,1723.0679279728568
mock_plate_4,N8,149.58062035957934
mock_plate_4,N9,3950.617202819276
mock_plate_4,N10,509.01610477680106
mock_plate_4,N11,4179.396723719748
mock_plate_4,N12,3255.0182912260107
mock_plate_4,N13,2037.009650235533
mock_plate_4,N14,4900.541240677102
mock_plate_4,N15,2114.2804405403413
mock_plate_4,N16,483.38259248971946
mock_plate_4,N17,3408.56459556404
mock_plate_4,N18,3113.1047156012337
mock_plate_4,N19,4744.746412604057
mock_plate_4,N20,2688.7190952530214
mock_plate_4,N21,4625.587367781412
mock_plate_4,N22,633.5179031582652
mock_plate_4,N23,1855.1575350041264
mock_plate_4,N24,3619.7662818816902
mock_plate_4,O1,4024.672850151368
mock_plate_4,O2,3295.2290787866013
mock_plate_4,O3,3274.554591423713
mock_plate_4,O4,2969.19492120494
mock_plate_4,O5,1157.4961168153286
mock_plate_4,O6,4067.295854523729
mock_plate_4,O7,1978.317581180776
mock_plate_4,O8,2983.5892836323874
mock_plate_4,O9,1509.3381759066451
mock_plate_4,O10,3896.7548085988033
mock_plate_4,O11,2128.807361964768
mock_plate_4,O12,467.96592635373946
mock_plate_4,O13,1031.3781083107165
mock_plate_4,O14,500.3696028266816
mock_plate_4,O15,2977.06069526704
mock_plate_4,O16,843.1761641771649
mock_plate_4,O17,1272.0959336904154
mock_plate_4,O18,1912.5491639001093
mock_plate_4,O19,1461.3682535793446
mock_plate_4,O20,2875.8888465210557
mock_plate_4,O21,2498.6149867769414
mock_plate_4,O22,1911.2826559053708
mock_plate_4,O23,3149.459650790376
mock_plate_4,O24,4777.291151288166
mock_plate_4,P1,2143.1071876812066
mock_plate_4,P2,2981.137109241159
mock_plate_4,P3,1106.6595985769827
mock_plate_4,P4,1134.9605113132593
mock_plate_4,P5,2613.798887527946
mock_plate_4,P6,4161.525573594069
mock_plate_4,P7,1484.0689231143892
mock_plate_4,P8,1639.8755133687368
mock_plate_4,P9,4897.763579068187
mock_plate_4,P10,2471.419867411312
mock_plate_4,P11,653.2503417911954
mock_plate_4,P12,3860.3712927690094
mock_plate_4,P13,1977.28122330872
mock_plate_4,P14,3171.6491503755865
mock_plate_4,P15,1950.359444165632
mock_plate_4,P16,1329.0207745423522
mock_plate_4,P17,1499.2646562541186
mock_plate_4,P18,4411.199707965332
mock_plate_4,P19,740.0645366440201
mock_plate_4,P20,4552.72587961923
mock_plate_4,P21,4596.296106166199
mock_plate_4,P22,2229.501556058379
mock_plate_4,P23,2876.034317346256
mock_plate_4,P24,4523.2944179691285
mock_plate_5,A1,242.66663209570797
mock_plate_5,A2,4136.727112634562
mock_plate_5,A3,3252.5474346579467
mock_plate_5,A4,4340.007020997814
mock_plate_5,A5,4013.272829959924
mock_plate_5,A6,4176.063690175657
mock_plate_5,A7,4255.633240622618
mock_plate_5,A8,2355.4306371246867
mock_plate_5,A9,1702.2663123955203
mock_plate_5,A10,1237.916249563777
mock_plate_5,A11,2133.652690882507
mock_plate_5,A12,4428.507660072333
mock_plate_5,A13,919.5919379393422
mock_plate_5,A14,4858.925953774864
mock_plate_5,A15,3983.6460802638776
mock_plate_5,A16,484.40854548056416
mock_plate_5,A17,2891.438820859869
mock_plate_5,A18,3987.349401537973
mock_plate_5,A19,3865.628557271913
mock_plate_5,A20,3827.98905944096
mock_plate_5,A21,3064.897168566938
mock_plate_5,A22,3745.434307164102
mock_plate_5,A23,3700.489774921589
mock_plate_5,A24,614.6925492229742
mock_plate_5,B1,2465.217953772938
mock_plate_5,B2,4654.0909041355935
mock_plate_5,B3,3910.391972735158
mock_plate_5,B4,4317.85972313167
mock_plate_5,B5,3129.868303410896
mock_plate_5,B6,4411.567493636318
mock_plate_5,B7,2420.4968589750465
mock_plate_5,B8,2274.5491323172523
mock_plate_5,B9,523.2999582745026
mock_plate_5,B10,4976.353136765207
mock_plate_5,B11,4325.769855455313
mock_plate_5,B12,4654.650353265873
mock_plate_5,B13,4519.8241846264455
mock_plate_5,B14,2885.878344317422
mock_plate_5,B15,620.7154086001173
mock_plate_5,B16,3161.9899313280066
mock_plate_5,B17,2020.5813815965628
mock_plate_5,B18,2091.665731388284
mock_plate_5,B19,2671.769586214814
mock_plate_5,B20,2450.8714496609828
mock_plate_5,B21,2328.203716765206
mock_plate_5,B22,2050.1596869585087
mock_plate_5,B23,1478.9248444544626
mock_plate_5,B24,4485.076137747768
mock_plate_5,C1,1743.793938500236
mock_plate_5,C2,1893.66165856216
mock_plate_5,C3,4376.41411775779
mock_plate_5,C4,2389.7639830176986
mock_plate_5,C5,3952.285984130621
mock_plate_5,C6,2642.26196558042
mock_plate_5,C7,2714.086367418977
mock_plate_5,C8,1019.2379018586072
mock_plate_5,C9,1629.9708859099176
mock_plate_5,C10,2677.165269915418
mock_plate_5,C11,2389.8461284407067
mock_plate_5,C12,4670.99727551007
mock_plate_5,C13,1703.8962357494197
mock_plate_5,C14,4765.024220646209
mock_plate_5,C15,1509.4153905833818
mock_plate_5,C16,756.27840673551
mock_plate_5,C17,100.0609557391851
mock_plate_5,C18,4411.86406062727
mock_plate_5,C19,3395.4376602320376
mock_plate_5,C20,2924.6043259776434
mock_plate_5,C21,730.2488249346113
mock_plate_5,C22,2463.4261985657686
mock_plate_5,C23,1419.1360859623665
mock_plate_5,C24,609.8703379808835
mock_plate_5,D1,4939.698779880858
mock_plate_5,D2,825.216050086967
mock_plate_5,D3,2287.2394809810576
mock_plate_5,D4,1847.5868783207463
mock_plate_5,D5,4579.483715463384
mock_plate_5,D6,204.19989541163392
mock_plate_5,D7,1559.9075281861897
mock_plate_5,D8,468.9023810718581
mock_plate_5,D9,4250.752597756618
mock_plate_5,D10,3836.058189797056
mock_plate_5,D11,2813.384615257042
mock_plate_5,D12,2694.994614353448
mock_plate_5,D13,3587.2597852432887
mock_plate_5,D14,2708.3458433790247
mock_plate_5,D15,1557.279413358678
mock_plate_5,D16,4704.054702999788
mock_plate_5,D17,1868.574605088457
mock_plate_5,D18,2726.5094167072084
mock_plate_5,D19,3474.1876701352994
mock_plate_5,D20,1985.223463206701
mock_plate_5,D21,304.1215037662962
mock_plate_5,D22,1382.3541255562925
mock_plate_5,D23,3990.797296933201
mock_plate_5,D24,471.6811431105461
mock_plate_5,E1,1041.2428374234596
mock_plate_5,E2,3826.175880222718
mock_plate_5,E3,4256.697439327418
mock_plate_5,E4,1829.4641820947568
mock_plate_5,E5,897.90972850241
mock_plate_5,E6,1720.0483938310806
mock_plate_5,E7,1089.6563388266443
mock_plate_5,E8,1394.7558551234856
mock_plate_5,E9,1880.459504277088
mock_plate_5,E10,2462.807055721844
mock_plate_5,E11,4760.482372480333
mock_plate_5,E12,751.3144111892631
mock_plate_5,E13,1541.4094356061732
mock_plate_5,E14,490.2492818000158
mock_plate_5,E15,1318.2853769947578
mock_plate_5,E16,3687.039544168517
mock_plate_5,E17,3743.107620509968
mock_plate_5,E18,4499.462170326442
mock_plate_5,E19,1497.3634749265923
mock_plate_5,E20,1536.648841001503
mock_plate_5,E21,484.1982909404943
mock_plate_5,E22,2251.642664443237
mock_plate_5,E23,2978.043104922192
mock_plate_5,E24,3193.517308322203
mock_plate_5,F1,244.07379132443003
mock_plate_5,F2,175.45720432110133
mock_plate_5,F3,1338.4018345149098
mock_plate_5,F4,1964.7726881161511
mock_plate_5,F5,1129.3139334591126
mock_plate_5,F6,3225.1361123673832
mock_plate_5,F7,1042.192535223035
mock_plate_5,F8,227.79297525820783
mock_plate_5,F9,2671.7194622421694
mock_plate_5,F10,3885.065985299929
mock_plate_5,F11,3097.19257184238
mock_plate_5,F12,3703.8266754045176
mock_plate_5,F13,2248.28146085189
mock_plate_5,F14,3629.227669311876
mock_plate_5,F15,1129.5176310019178
mock_plate_5,F16,393.2731459538346
mock_plate_5,F17,4040.82751024285
mock_plate_5,F18,3300.575260941889
mock_plate_5,F19,786.6105573167606
mock_plate_5,F20,269.7512170174873
mock_plate_5,F21,4117.450555527486
mock_plate_5,F22,3710.5529055839024
mock_plate_5,F23,4869.690960667127
mock_plate_5,F24,2250.1311777392866
mock_plate_5,G1,2149.5160064586566
mock_plate_5,G2,1686.3008455883726
mock_plate_5,G3,3655.91947353605
mock_plate_5,G4,4330.174881982452
mock_plate_5,G5,2223.846912177088
mock_plate_5,G6,1712.671807492233
mock_plate_5,G7,4592.194170451999
mock_plate_5,G8,2402.9384093775075
mock_plate_5,G9,4087.2705046002334
mock_plate_5,G10,1172.0992091340097
mock_plate_5,G11,136.53780840678365
mock_plate_5,G12,4508.380108004421
mock_plate_5,G13,2755.7146571187272
mock_plate_5,G14,333.5308864762659
mock_plate_5,G15,4591.655076523944
mock_plate_5,G16,3825.602342082264
mock_plate_5,G17,3625.191279806848
mock_plate_5,G18,4969.076291731184
mock_plate_5,G19,1979.9733104380248
mock_plate_5,G20,3605.85148119276
mock_plate_5,G21,2222.3511465446754
mock_plate_5,G22,1191.3342307500284
mock_plate_5,G23,2078.257899768392
mock_plate_5,G24,1073.8768217081413
mock_plate_5,H1,4329.993883635488
mock_plate_5,H2,1363.5981718145786
mock_plate_5,H3,1359.6329812422812
mock_plate_5,H4,2676.806081092679
mock_plate_5,H5,890.9295616897898
mock_plate_5,H6,3942.5534530600703
mock_plate_5,H7,762.5027654704152
mock_plate_5,H8,1840.3788153254025
mock_plate_5,H9,4322.870097893508
mock_plate_5,H10,1136.0851356746316
mock_plate_5,H11,3716.733168913817
mock_plate_5,H12,2576.2467099776973
mock_plate_5,H13,3007.092374964295
mock_plate_5,H14,2368.875565646736
mock_plate_5,H15,2198.585277517058
mock_plate_5,H16,1861.567013614904
mock_plate_5,H17,4699.418191980588
mock_plate_5,H18,1440.8917153710402
mock_plate_5,H19,4336.904969753656
mock_plate_5,H20,641.3108902401674
mock_plate_5,H21,3770.0423387747
mock_plate_5,H22,4961.795979479015
mock_plate_5,H23,2777.196337064272
mock_plate_5,H24,3826.630894678148
mock_plate_5,I1,1746.2299653349269
mock_plate_5,I2,1485.2574278002369
mock_plate_5,I3,231.10917878396836
mock_plate_5,I4,958.2283654051264
mock_plate_5,I5,4584.267738163331
mock_plate_5,I6,4518.990320374453
mock_plate_5,I7,930.875917013768
mock_plate_5,I8,4799.303007721642
mock_plate_5,I9,1871.555210644757
mock_plate_5,I10,3470.109972530979
mock_plate_5,I11,317.501258841232
mock_plate_5,I12,4954.87158255358
mock_plate_5,I13,3597.651569229406
mock_plate_5,I14,3831.2577042923017
mock_plate_5,I15,2113.234360511545
mock_plate_5,I16,485.9854927760713
mock_plate_5,I17,4045.936943620489
mock_plate_5,I18,4992.54048254621
mock_plate_5,I19,2111.12234985701
mock_plate_5,I20,2987.6655671178646
mock_plate_5,I21,3275.6082944136565
mock_plate_5,I22,2787.687933187577
mock_plate_5,I23,1409.9637521318846
mock_plate_5,I24,2964.390048108266
mock_plate_5,J1,4681.54238515
mock_plate_5,J2,3955.4622222426183
mock_plate_5,J3,1366.3263554293208
mock_plate_5,J4,790.0593851214983
mock_plate_5,J5,3653.995045072898
mock_plate_5,J6,1713.2257252339411
mock_plate_5,J7,4055.214363752054
mock_plate_5,J8,2636.51922572495
mock_plate_5,J9,3498.045512980704
mock_plate_5,J10,4645.686792409982
mock_plate_5,J11,1990.4296034542167
mock_plate_5,J12,1609.3973527159817
mock_plate_5,J13,3916.852539669676
mock_plate_5,J14,481.8197202102622
mock_plate_5,J15,1614.195234530618
mock_plate_5,J16,3354.31980384392
mock_plate_5,J17,3306.677816823594
mock_plate_5,J18,3146.301574259147
mock_plate_5,J19,3095.3262154985377
mock_plate_5,J20,2812.5126839714044
mock_plate_5,J21,250.2633168154807
mock_plate_5,J22,1299.862083458832
mock_plate_5,J23,115.30709189615698
mock_plate_5,J24,299.10121391874515
mock_plate_5,K1,745.8998880206453
mock_plate_5,K2,4713.142131756631
mock_plate_5,K3,2142.8658373730905
mock_plate_5,K4,2192.5059579108315
mock_plate_5,K5,2029.3018408764644
mock_plate_5,K6,4568.788828256027
mock_plate_5,K7,2607.111769102457
mock_plate_5,K8,4692.606493859268
mock_plate_5,K9,1209.375521731296
mock_plate_5,K10,1714.200220238496
mock_plate_5,K11,2626.7395214921216
mock_plate_5,K12,4925.7961639214045
mock_plate_5,K13,2491.997551656431
mock_plate_5,K14,1557.47214685821
mock_plate_5,K15,2367.66571624104
mock_plate_5,K16,4050.48522716358
mock_plate_5,K17,560.004863699414
mock_plate_5,K18,1193.6814321228908
mock_plate_5,K19,4234.426529994071
mock_plate_5,K20,265.0407063451901
mock_plate_5,K21,4756.422345711924
mock_plate_5,K22,786.7543803527125
mock_plate_5,K23,2759.4536473196163
mock_plate_5,K24,318.8459168941069
mock_plate_5,L1,1972.5390096749104
mock_plate_5,L2,4807.477168382807
mock_plate_5,L3,502.4682524000608
mock_plate_5,L4,3702.908692690544
mock_plate_5,L5,4840.194620028957
mock_plate_5,L6,4424.593305211948
mock_plate_5,L7,4575.940572766212
mock_plate_5,L8,1186.7921643522616
mock_plate_5,L9,3999.870866155969
mock_plate_5,L10,1459.351365946671
mock_plate_5,L11,3483.206858338008
mock_plate_5,L12,410.1040933608399
mock_plate_5,L13,4684.895180217838
mock_plate_5,L14,3653.002072815324
mock_plate_5,L15,1543.5293121466527
mock_plate_5,L16,1446.89890748971
mock_plate_5,L17,836.7187790674936
mock_plate_5,L18,4311.367457957017
mock_plate_5,L19,249.37709814599904
mock_plate_5,L20,1704.9030056832164
mock_plate_5,L21,207.5409971844472
mock_plate_5,L22,2992.978101490547
mock_plate_5,L23,3725.6311575980585
mock_plate_5,L24,3990.534051749813
mock_plate_5,M1,628.5113103072603
mock_plate_5,M2,3423.40235318687
mock_plate_5,M3,2667.378856705175
mock_plate_5,M4,4893.936930901369
mock_plate_5,M5,3084.2221782358165
mock_plate_5,M6,1510.8315622157224
mock_plate_5,M7,3995.0615558602353
mock_plate_5,M8,2688.5942636539794
mock_plate_5,M9,2598.538866498365
mock_plate_5,M10,3189.500184120548
mock_plate_5,M11,1648.645879487843
mock_plate_5,M12,3565.148194953439
mock_plate_5,M13,3580.4086314920955
mock_plate_5,M14,1518.0416230775447
mock_plate_5,M15,1853.8180934514128
mock_plate_5,M16,2425.5141109753768
mock_plate_5,M17,3041.9198501901083
mock_plate_5,M18,872.1797127889324
mock_plate_5,M19,440.33523769400495
mock_plate_5,M20,3021.300309664702
mock_plate_5,M21,2508.4349712143744
mock_plate_5,M22,3005.142800738318
mock_plate_5,M23,3997.492851296708
mock_plate_5,M24,343.4185362728288
mock_plate_5,N1,4873.152584829719
mock_plate_5,N2,3143.390963727848
mock_plate_5,N3,1871.972487659049
mock_plate_5,N4,3427.745926028688
mock_plate_5,N5,4623.791831415349
mock_plate_5,N6,3728.174346466406
mock_plate_5,N7,284.5538258526574
mock_plate_5,N8,3310.00566011696
mock_plate_5,N9,623.0176965565925
mock_plate_5,N10,4954.050954686085
mock_plate_5,N11,1707.4646371360966
mock_plate_5,N12,1577.2479243872338
mock_plate_5,N13,2261.3206612882063
mock_plate_5,N14,2791.785739038862
mock_plate_5,N15,2035.0847953491807
mock_plate_5,N16,2195.4995878344944
mock_plate_5,N17,3808.294018932593
mock_plate_5,N18,3680.021527723884
mock_plate_5,N19,1131.7572860929934
mock_plate_5,N20,3948.31982228871
mock_plate_5,N21,3053.6215873994133
mock_plate_5,N22,4045.836241916357
mock_plate_5,N23,3341.475920265386
mock_plate_5,N24,4878.03762343825
mock_plate_5,O1,3057.5999027682647
mock_plate_5,O2,2124.993707905609
mock_plate_5,O3,1723.7548379014725
mock_plate_5,O4,4927.421258572384
mock_plate_5,O5,4508.9205743532175
mock_plate_5,O6,705.4832673490052
mock_plate_5,O7,1197.8478914951
mock_plate_5,O8,3788.2984081662
mock_plate_5,O9,4836.863355694087
mock_plate_5,O10,660.3572101244262
mock_plate_5,O11,1072.9569984677585
mock_plate_5,O12,2970.7519157506663
mock_plate_5,O13,346.8833629340411
mock_plate_5,O14,2453.6271852758737
mock_plate_5,O15,2062.4906291971683
mock_plate_5,O16,3407.9733404851954
mock_plate_5,O17,198.31805555015148
mock_plate_5,O18,716.4860482778201
mock_plate_5,O19,840.6773668195968
mock_plate_5,O20,651.1288623898114
mock_plate_5,O21,984.2638260254552
mock_plate_5,O22,4415.323231319678
mock_plate_5,O23,2033.499018978511
mock_plate_5,O24,4239.421131316397
mock_plate_5,P1,2353.624983354758
mock_plate_5,P2,3861.35610054397
mock_plate_5,P3,3147.7204092049246
mock_plate_5,P4,3993.147067371383
mock_plate_5,P5,4479.0983969666
mock_plate_5,P6,3055.281342535762
mock_plate_5,P7,2425.2852905038685
mock_plate_5,P8,4928.494548654545
mock_plate_5,P9,2334.703208023783
mock_plate_5,P10,647.1943441377082
mock_plate_5,P11,1856.1914981477707
mock_plate_5,P12,848.0771267082048
mock_plate_5,P13,378.5163059542796
mock_plate_5,P14,3862.058239280928
mock_plate_5,P15,3201.770638013528
mock_plate_5,P16,2858.7316949717474
mock_plate_5,P17,1792.4945481719917
mock_plate_5,P18,2091.526678352904
mock_plate_5,P19,2431.91374055611
mock_plate_5,P20,1537.9061749696575
mock_plate_5,P21,3618.393774474405
mock_plate_5,P22,861.9438487551677
mock_plate_5,P23,1182.625340765285
mock_plate_5,P24,3130.086550209612
mock_plate_6,A1,1648.231393495516
mock_plate_6,A2,799.3344070621367
mock_plate_6,A3,632.6337202973909
mock_plate_6,A4,3965.801006445491
mock_plate_6,A5,955.8623544041344
mock_plate_6,A6,4001.4687393147897
mock_plate_6,A7,2095.3494362922497
mock_plate_6,A8,3609.452770366797
mock_plate_6,A9,2758.7068974247213
mock_plate_6,A10,239.3915074932179
mock_plate_6,A11,1730.3881586821335
mock_plate_6,A12,784.2792908034284
mock_plate_6,A13,2673.227376390517
mock_plate_6,A14,4722.615238587996
mock_plate_6,A15,1149.6049411436315
mock_plate_6,A16,848.7188627777201
mock_plate_6,A17,2533.1553730126457
mock_plate_6,A18,1615.8753432536612
mock_plate_6,A19,4676.238500329697
mock_plate_6,A20,2144.3532146382213
mock_plate_6,A21,4464.814358335318
mock_plate_6,A22,1762.630032462312
mock_plate_6,A23,3481.999174707052
mock_plate_6,A24,870.631979901667
mock_plate_6,B1,1634.218766402189
mock_plate_6,B2,3089.102502640331
mock_plate_6,B3,2909.268320443609
mock_plate_6,B4,1550.47061908432
mock_plate_6,B5,1098.167975326777
mock_plate_6,B6,1768.773432599437
mock_plate_6,B7,4460.615031246877
mock_plate_6,B8,4700.644124306476
mock_plate_6,B9,763.5011634314043
mock_plate_6,B10,3161.941571595388
mock_plate_6,B11,1969.762126853641
mock_plate_6,B12,1126.0281342109347
mock_plate_6,B13,1590.6320129049682
mock_plate_6,B14,4589.367527147014
mock_plate_6,B15,1099.5951590962882
mock_plate_6,B16,4503.7526767063655
mock_plate_6,B17,2662.316324172584
mock_plate_6,B18,2005.8499557486653
mock_plate_6,B19,4214.068782253548
mock_plate_6,B20,3175.018932100876
mock_plate_6,B21,3871.8743250586144
mock_plate_6,B22,4420.157884552375
mock_plate_6,B23,2468.030336830468
mock_plate_6,B24,3535.741593713109
mock_plate_6,C1,176.2791465960283
mock_plate_6,C2,3380.3601737090576
mock_plate_6,C3,3510.124159620354
mock_plate_6,C4,1270.9325059584037
mock_plate_6,C5,694.6707067276237
mock_plate_6,C6,2507.5837665146573
mock_plate_6,C7,368.6782283689234
mock_plate_6,C8,4611.393116608042
mock_plate_6,C9,3394.0577841440804
mock_plate_6,C10,4125.147153417702
mock_plate_6,C11,659.8080203466526
mock_plate_6,C12,3160.6078470899047
mock_plate_6,C13,4147.851510264079
mock_plate_6,C14,2084.88292028501
mock_plate_6,C15,805.7885012582875
mock_plate_6,C16,2706.4744036040383
mock_plate_6,C17,3254.2125310896067
mock_plate_6,C18,4724.309068745903
mock_plate_6,C19,1218.0328431294752
mock_plate_6,C20,4342.080976026396
mock_plate_6,C21,3819.621409857779
mock_plate_6,C22,4529.672604617811
mock_plate_6,C23,1060.957057509307
mock_plate_6,C24,3846.653335277929
mock_plate_6,D1,2891.859613854065
mock_plate_6,D2,4268.37274594544
mock_plate_6,D3,202.94788495010792
mock_plate_6,D4,3574.9477557505297
mock_plate_6,D5,2953.79475430129
mock_plate_6,D6,4165.627500361903
mock_plate_6,D7,1464.9782388223002
mock_plate_6,D8,2389.822393382019
mock_plate_6,D9,355.9085269468467
mock_plate_6,D10,4440.899249541046
mock_plate_6,D11,626.0272469849627
mock_plate_6,D12,1340.9865935145272
mock_plate_6,D13,2182.501345030389
mock_plate_6,D14,647.1492647404447
mock_plate_6,D15,1065.2590232938528
mock_plate_6,D16,1315.6624762603556
mock_plate_6,D17,3612.3941488401474
mock_plate_6,D18,4110.260612357823
mock_plate_6,D19,1945.233930784288
mock_plate_6,D20,4913.968523887567
mock_plate_6,D21,1426.2054556522885
mock_plate_6,D22,3230.0995296397955
mock_plate_6,D23,1318.9747802856716
mock_plate_6,D24,4324.5002515688
mock_plate_6,E1,1869.0845175047407
mock_plate_6,E2,966.8090088296042
mock_plate_6,E3,4013.315051924247
mock_plate_6,E4,102.533361299635
mock_plate_6,E5,3744.719763018751
mock_plate_6,E6,3134.5957504729245
mock_plate_6,E7,207.66589615483375
mock_plate_6,E8,3722.823501239075
mock_plate_6,E9,4105.0008848342495
mock_plate_6,E10,1339.732314753027
mock_plate_6,E11,4706.729276640421
mock_plate_6,E12,2466.868355015112
mock_plate_6,E13,4216.826203637243
mock_plate_6,E14,2593.607612738625
mock_plate_6,E15,764.0172955727674
mock_plate_6,E16,3978.626886051839
mock_plate_6,E17,4257.630092827085
mock_plate_6,E18,1960.323092423224
mock_plate_6,E19,2391.124967990304
mock_plate_6,E20,852.5503559613406
mock_plate_6,E21,1024.4802657140583
mock_plate_6,E22,4413.827252400861
mock_plate_6,E23,4418.9558677693085
mock_plate_6,E24,1430.9671723114482
mock_plate_6,F1,1845.1635114858927
mock_plate_6,F2,2362.845614016204
mock_plate_6,F3,608.3219635538967
mock_plate_6,F4,4288.450327675743
mock_plate_6,F5,4383.03385628783
mock_plate_6,F6,3537.483585227034
mock_plate_6,F7,2674.5357007192047
mock_plate_6,F8,338.4453598127954
mock_plate_6,F9,2473.170077186877
mock_plate_6,F10,1290.4795118743025
mock_plate_6,F11,666.1153846361185
mock_plate_6,F12,847.2420876648284
mock_plate_6,F13,1113.62640594892
mock_plate_6,F14,874.8396450127589
mock_plate_6,F15,1127.8045327502496
mock_plate_6,F16,4112.534662607847
mock_plate_6,F17,1045.4787642488477
mock_plate_6,F18,286.60306036572126
mock_plate_6,F19,1575.3496496204616
mock_plate_6,F20,3147.84097961316
mock_plate_6,F21,4727.093150320671
mock_plate_6,F22,1773.6317253636587
mock_plate_6,F23,3447.8219475519604
mock_plate_6,F24,3681.046283205132
mock_plate_6,G1,962.5951977012325
mock_plate_6,G2,2565.867192913271
mock_plate_6,G3,1872.6097847448932
mock_plate_6,G4,1160.1356924754648
mock_plate_6,G5,3736.9574556384905
mock_plate_6,G6,447.5956178472533
mock_plate_6,G7,4544.863837013964
mock_plate_6,G8,3285.309015008841
mock_plate_6,G9,769.0454685833137
mock_plate_6,G10,4180.574086284756
mock_plate_6,G11,1445.3865146040182
mock_plate_6,G12,4314.557123708039
mock_plate_6,G13,4801.611894920527
mock_plate_6,G14,4507.852943813565
mock_plate_6,G15,1535.4228624648308
mock_plate_6,G16,530.1527155024507
mock_plate_6,G17,2791.505068867844
mock_plate_6,G18,1034.261646870827
mock_plate_6,G19,4163.909214193172
mock_plate_6,G20,1177.7985316814832
mock_plate_6,G21,1306.705807255461
mock_plate_6,G22,3418.6115095503205
mock_plate_6,G23,4437.750301519441
mock_plate_6,G24,642.809188757682
mock_plate_6,H1,3675.282371045185
mock_plate_6,H2,2733.12673817912
mock_plate_6,H3,2384.243890288463
mock_plate_6,H4,3882.9249476812
mock_plate_6,H5,4352.558360673467
mock_plate_6,H6,2271.1613515172967
mock_plate_6,H7,277.4497518653092
mock_plate_6,H8,1537.632631975769
mock_plate_6,H9,2356.173296445937
mock_plate_6,H10,3556.105111379746
mock_plate_6,H11,516.5965262775792
mock_plate_6,H12,1034.3586706498863
mock_plate_6,H13,4753.30327274934
mock_plate_6,H14,258.9973029561471
mock_plate_6,H15,1754.405146099578
mock_plate_6,H16,4798.13177670374
mock_plate_6,H17,3635.313472047691
mock_plate_6,H18,490.1265656705793
mock_plate_6,H19,1380.4307699647777
mock_plate_6,H20,1344.1862447542946
mock_plate_6,H21,3035.5186217801424
mock_plate_6,H22,4884.358458800628
mock_plate_6,H23,540.381335689943
mock_plate_6,H24,3584.169034383028
mock_plate_6,I1,1414.9484608364655
mock_plate_6,I2,320.7564259602451
mock_plate_6,I3,4207.939151016944
mock_plate_6,I4,1046.6268252715686
mock_plate_6,I5,1879.8959148264175
mock_plate_6,I6,1393.049458553312
mock_plate_6,I7,128.14107734871052
mock_plate_6,I8,2636.082248611955
mock_plate_6,I9,409.83100702841983
mock_plate_6,I10,3118.831128140844
mock_plate_6,I11,1903.9319285509976
mock_plate_6,I12,4090.4935067891215
mock_plate_6,I13,1163.9017612320663
mock_plate_6,I14,3338.3316614983587
mock_plate_6,I15,3262.684546911279
mock_plate_6,I16,2152.1129396784063
mock_plate_6,I17,2695.34297222037
mock_plate_6,I18,3415.367203692724
mock_plate_6,I19,2302.041802160324
mock_plate_6,I20,1046.049569497421
mock_plate_6,I21,913.1835173645154
mock_plate_6,I22,1445.174862818353
mock_plate_6,I23,1615.81997423876
mock_plate_6,I24,1131.174992414608
mock_plate_6,J1,4803.581408448708
mock_plate_6,J2,4653.291167611401
mock_plate_6,J3,4329.633737146951
mock_plate_6,J4,427.87237247773777
mock_plate_6,J5,3799.040384305036
mock_plate_6,J6,1214.0093399864686
mock_plate_6,J7,896.7847850584001
mock_plate_6,J8,101.1797044288018
mock_plate_6,J9,1885.1031512294055
mock_plate_6,J10,1833.3484895924
mock_plate_6,J11,4057.721473801003
mock_plate_6,J12,255.7446251761233
mock_plate_6,J13,4176.967896831988
mock_plate_6,J14,4401.769608854613
mock_plate_6,J15,3499.8944799927267
mock_plate_6,J16,1250.060231518348
mock_plate_6,J17,3388.518969697789
mock_plate_6,J18,1644.9700356827125
mock_plate_6,J19,1632.0290998716987
mock_plate_6,J20,3509.3972431731954
mock_plate_6,J21,2531.0831104405625
mock_plate_6,J22,4418.689119461126
mock_plate_6,J23,4315.558346574506
mock_plate_6,J24,2065.070209995423
mock_plate_6,K1,3538.932777722786
mock_plate_6,K2,2030.8227030770497
mock_plate_6,K3,4465.125993842671
mock_plate_6,K4,2811.7951558218506
mock_plate_6,K5,3624.0094660844993
mock_plate_6,K6,982.4635098133078
mock_plate_6,K7,4310.773329974195
mock_plate_6,K8,3441.4720713553056
mock_plate_6,K9,627.155424281224
mock_plate_6,K10,4871.079419317358
mock_plate_6,K11,4678.494284803362
mock_plate_6,K12,2212.2036281814685
mock_plate_6,K13,1341.6776013694666
mock_plate_6,K14,3985.800482119628
mock_plate_6,K15,1666.567130166983
mock_plate_6,K16,2787.536748329341
mock_plate_6,K17,4619.44115676696
mock_plate_6,K18,2417.9581078569704
mock_plate_6,K19,229.5844887438013
mock_plate_6,K20,4532.854544299225
mock_plate_6,K21,646.9157970836828
mock_plate_6,K22,2304.922370572953
mock_plate_6,K23,160.88909650181208
mock_plate_6,K24,1590.6007321086142
mock_plate_6,L1,2516.816839193405
mock_plate_6,L2,1241.8290957395834
mock_plate_6,L3,2819.8252105224183
mock_plate_6,L4,1494.070715249799
mock_plate_6,L5,900.6352013981525
mock_plate_6,L6,4236.676380855539
mock_plate_6,L7,4273.76925703687
mock_plate_6,L8,3202.3447124837835
mock_plate_6,L9,3633.399673552226
mock_plate_6,L10,3482.154886972783
mock_plate_6,L11,2933.088942574276
mock_plate_6,L12,3038.031423642583
mock_plate_6,L13,4040.629419496116
mock_plate_6,L14,757.3770577374004
mock_plate_6,L15,1349.753185959358
mock_plate_6,L16,1589.0161309943376
mock_plate_6,L17,2983.9654546717466
mock_plate_6,L18,3710.496482602296
mock_plate_6,L19,2027.826102142689
mock_plate_6,L20,1255.1257064491265
mock_plate_6,L21,358.70792539840403
mock_plate_6,L22,3609.261527836816
mock_plate_6,L23,2491.554779554954
mock_plate_6,L24,2149.49451093202
mock_plate_6,M1,4544.330122958252
mock_plate_6,M2,1480.4673076729691
mock_plate_6,M3,1529.125676428912
mock_plate_6,M4,4538.451926874482
mock_plate_6,M5,1432.4792172900088
mock_plate_6,M6,4748.842151164395
mock_plate_6,M7,1292.8163052899797
mock_plate_6,M8,654.3412082613862
mock_plate_6,M9,1375.971305577743
mock_plate_6,M10,4663.17122997169
mock_plate_6,M11,4821.980813234787
mock_plate_6,M12,2045.6923399304003
mock_plate_6,M13,4780.104466914507
mock_plate_6,M14,2153.972723022254
mock_plate_6,M15,2829.622593203083
mock_plate_6,M16,224.59109128877023
mock_plate_6,M17,4426.627418693824
mock_plate_6,M18,3018.471765795358
mock_plate_6,M19,3050.0852612701256
mock_plate_6,M20,1783.7256945535771
mock_plate_6,M21,3052.166082853791
mock_plate_6,M22,2224.2222913595624
mock_plate_6,M23,2801.1414015468613
mock_plate_6,M24,588.388386153422
mock_plate_6,N1,4068.5031457150376
mock_plate_6,N2,3716.376849585204
mock_plate_6,N3,1506.0428374485668
mock_plate_6,N4,1821.5915174089853
mock_plate_6,N5,4109.633184666953
mock_plate_6,N6,1053.764645072939
mock_plate_6,N7,4780.923282087471
mock_plate_6,N8,3412.9801242929075
mock_plate_6,N9,1360.06663019903
mock_plate_6,N10,2296.92855999252
mock_plate_6,N11,3142.5749313230485
mock_plate_6,N12,2281.679402286712
mock_plate_6,N13,2995.391508220763
mock_plate_6,N14,781.4930711317462
mock_plate_6,N15,402.1255055572335
mock_plate_6,N16,4720.719449031684
mock_plate_6,N17,904.8593677984472
mock_plate_6,N18,664.9143671372931
mock_plate_6,N19,2867.3602897763826
mock_plate_6,N20,2428.4697701325867
mock_plate_6,N21,1419.374495125361
mock_plate_6,N22,3160.1187621152344
mock_plate_6,N23,4986.307382238575
mock_plate_6,N24,2649.1597296470677
mock_plate_6,O1,3925.628270012944
mock_plate_6,O2,2801.4536529509246
mock_plate_6,O3,3843.802066152293
mock_plate_6,O4,538.4879559949889
mock_plate_6,O5,1641.9686208535657
mock_plate_6,O6,2692.2343777131987
mock_plate_6,O7,3328.479767670668
mock_plate_6,O8,2227.1914449339374
mock_plate_6,O9,4079.963005016127
mock_plate_6,O10,3398.3565586204622
mock_plate_6,O11,110.67210627796943
mock_plate_6,O12,507.9631487818101
mock_plate_6,O13,4125.095224283879
mock_plate_6,O14,3845.646297252855
mock_plate_6,O15,4746.767906644318
mock_plate_6,O16,2444.3895058655003
mock_plate_6,O17,1476.7831734700178
mock_plate_6,O18,974.8122115807556
mock_plate_6,O19,2258.1422160974616
mock_plate_6,O20,4043.294800907372
mock_plate_6,O21,1721.490356786861
mock_plate_6,O22,4673.993172706915
mock_plate_6,O23,4256.548477574086
mock_plate_6,O24,1070.1644139131645
mock_plate_6,P1,331.6800939982837
mock_plate_6,P2,4509.193883340821
mock_plate_6,P3,1529.7253272633384
mock_plate_6,P4,1931.431972153944
mock_plate_6,P5,2746.0418537739947
mock_plate_6,P6,3006.058737683835
mock_plate_6,P7,4785.560253090766
mock_plate_6,P8,2818.722144293922
mock_plate_6,P9,2100.6172417650514
mock_plate_6,P10,3822.306857529885
mock_plate_6,P11,3445.108892504546
mock_plate_6,P12,1764.4719952917776
mock_plate_6,P13,944.0941916206827
mock_plate_6,P14,4308.813100835522
mock_plate_6,P15,386.3576479144712
mock_plate_6,P16,4620.779179017795
mock_plate_6,P17,4585.373023554101
mock_plate_6,P18,1368.5093245460785
mock_plate_6,P19,1569.8823830561523
mock_plate_6,P20,3162.075901883097
mock_plate_6,P21,827.5360807078365
mock_plate_6,P22,3016.812577218614
mock_plate_6,P23,3711.855672743533
mock_plate_6,P24,2482.4275059908964
